id,difficulty,project_size,source_file,favored_simplicity,favored_complexity,lost_information_compression,misprioritization,feature_oriented,fix_oriented,structural_change_bias,unclear,accurate,vague_commit_message,simple_commit_message,detailed_commit_message,refactor_oriented,modification_bias,test_oriented,agent_exact_match,agent_similarity,agent_bleu3,agent_rouge_l,bypass_exact_match,bypass_similarity,bypass_bleu3,bypass_rouge_l,delta_exact_match,bypass_wins_exact_match,agent_wins_exact_match,delta_similarity,bypass_wins_similarity,agent_wins_similarity,delta_bleu3,bypass_wins_bleu3,agent_wins_bleu3,delta_rouge_l,bypass_wins_rouge_l,agent_wins_rouge_l
4886326609,hard,medium,2026-01-23-llama-pass-classifications,1,1,0,0,0,0,0,0,0,1,0,0,0,1,0,0,0.1212259951672389,0.0014601563442672,0.1718213058419243,1,1.0,1.0,1.0,1,True,False,0.8787740048327611,True,False,0.9985398436557328,True,False,0.8281786941580758,True,False
6184185624,hard,large,2026-01-23-llama-pass-classifications,0,1,0,0,0,0,1,0,0,1,0,0,0,1,0,0,0.5848439073514602,0.4606311629860453,0.6982758620689655,0,0.9993076535750252,0.99782769820723,0.998980632008155,0,False,False,0.41446374622356497,True,False,0.5371965352211847,True,False,0.3007047699391895,True,False
16130294178,easy,medium,2026-01-23-llama-pass-classifications,0,1,0,0,0,0,0,0,0,0,0,1,0,0,0,0,0.6886404734506,0.6217109338231075,0.800969193492558,1,1.0,1.0,1.0,1,True,False,0.3113595265494,True,False,0.3782890661768925,True,False,0.19903080650744198,True,False
18238461500,hard,large,2026-01-23-llama-pass-classifications,1,0,0,0,0,0,0,1,0,0,0,0,0,0,0,0,0.843190779496512,0.9831557168521956,0.9384288747346072,0,0.9229135053110774,0.902052679431644,0.969298245614035,0,False,False,0.07972272581456541,True,False,-0.08110303742055158,False,True,0.03086937087942776,True,False
22924018001,easy,medium,2026-01-23-llama-pass-classifications,0,1,0,0,0,0,1,0,0,1,0,0,0,0,0,0,0.9595141700404858,0.9102460898402568,0.9722222222222222,1,1.0,1.0,1.0,1,True,False,0.04048582995951422,True,False,0.08975391015974321,True,False,0.02777777777777779,True,False
27198332737,easy,medium,2026-01-23-llama-pass-classifications,0,1,0,0,1,0,1,0,0,0,0,1,0,0,0,0,0.70617575638249,0.6325896090251543,0.8180126535169333,1,1.0,1.0,1.0,1,True,False,0.29382424361751003,True,False,0.36741039097484574,True,False,0.1819873464830667,True,False
51348011552,easy,medium,2026-01-23-llama-pass-classifications,0,1,0,0,0,0,0,0,0,0,0,1,0,1,0,0,0.0730925875644854,4.985699777191826e-05,0.1077883667433453,1,1.0,1.0,1.0,1,True,False,0.9269074124355146,True,False,0.9999501430022281,True,False,0.8922116332566548,True,False
66806366616,hard,medium,2026-01-23-llama-pass-classifications,1,1,0,0,0,0,0,0,0,0,1,0,0,0,0,0,0.3858670204463867,0.1287565471294692,0.4782248029863127,1,1.0,1.0,1.0,1,True,False,0.6141329795536132,True,False,0.8712434528705308,True,False,0.5217751970136872,True,False
72456172364,hard,medium,2026-01-23-llama-pass-classifications,0,1,0,0,0,0,0,0,0,0,0,1,0,0,0,0,0.5417341977309562,0.3694327839190986,0.6887755102040817,1,1.0,1.0,1.0,1,True,False,0.4582658022690438,True,False,0.6305672160809014,True,False,0.3112244897959183,True,False
74343481119,hard,small,2026-01-23-llama-pass-classifications,0,1,0,0,0,0,1,1,0,0,0,0,0,0,0,0,0.9900108316283548,0.991520309024871,0.9984840828701363,1,1.0,1.0,1.0,1,True,False,0.009989168371645207,True,False,0.008479690975129017,True,False,0.0015159171298636531,True,False
78890468565,hard,large,2026-01-23-llama-pass-classifications,1,1,0,0,0,0,1,0,0,0,1,0,0,1,1,0,0.2147053177193318,0.0845695927178046,0.3146381196183384,1,1.0,1.0,1.0,1,True,False,0.7852946822806682,True,False,0.9154304072821954,True,False,0.6853618803816617,True,False
81878376947,hard,medium,2026-01-23-llama-pass-classifications,1,1,0,0,0,0,1,0,0,0,1,0,0,1,0,0,0.934767522553782,0.919483312135688,0.9637462235649548,1,1.0,1.0,1.0,1,True,False,0.06523247744621796,True,False,0.08051668786431199,True,False,0.03625377643504524,True,False
110210585948,medium,large,2026-01-23-llama-pass-classifications,0,1,0,0,0,1,1,0,0,0,1,0,0,0,0,0,0.4546845960424183,0.3732924330784244,0.5472636815920398,1,1.0,1.0,1.0,1,True,False,0.5453154039575817,True,False,0.6267075669215756,True,False,0.45273631840796025,True,False
115057678072,medium,medium,2026-01-23-llama-pass-classifications,0,1,0,0,0,0,0,0,0,0,1,0,0,0,0,0,0.4852996845425867,0.812428768177902,0.653134328358209,1,1.0,1.0,1.0,1,True,False,0.5147003154574132,True,False,0.187571231822098,True,False,0.34686567164179105,True,False
121217912607,medium,medium,2026-01-23-llama-pass-classifications,0,1,0,0,0,0,1,0,0,0,0,0,0,0,0,0,0.1582375478927202,0.0026072954536942,0.2446077840703699,1,0.9999817554870372,1.0,1.0,1,True,False,0.8417442075943169,True,False,0.9973927045463058,True,False,0.7553922159296301,True,False
124226477194,easy,medium,2026-01-23-llama-pass-classifications,0,1,0,0,0,0,1,0,0,0,0,0,0,0,0,0,0.9387953818333564,0.967718385244684,0.9698431845597104,1,1.0,1.0,1.0,1,True,False,0.061204618166643576,True,False,0.03228161475531599,True,False,0.030156815440289586,True,False
131898172532,hard,large,2026-01-23-llama-pass-classifications,0,1,0,0,0,0,1,0,0,1,0,0,0,1,0,0,0.4072096758953037,0.2157911805337402,0.6080713047784105,1,1.0,1.0,1.0,1,True,False,0.5927903241046963,True,False,0.7842088194662598,True,False,0.39192869522158946,True,False
133728812294,easy,small,2026-01-23-llama-pass-classifications,0,1,0,0,0,1,1,0,0,0,0,1,0,0,0,0,0.9669480869409016,0.9790507886793648,0.9823848238482386,1,1.0,1.0,1.0,1,True,False,0.03305191305909838,True,False,0.020949211320635208,True,False,0.017615176151761447,True,False
134797539444,hard,medium,2026-01-23-llama-pass-classifications,1,1,0,0,0,0,0,0,0,1,0,0,0,1,0,0,0.9365555555555556,0.9471655018693904,0.9541041482789056,0,0.990888638920135,0.9915541716888622,0.993727598566308,0,False,False,0.054333083364579426,True,False,0.04438866981947176,True,False,0.03962345028740244,True,False
139754256322,hard,large,2026-01-23-llama-pass-classifications,1,1,0,0,0,0,1,0,0,0,1,0,0,0,0,0,0.9265611257695692,0.8924044354877019,0.9624413145539906,0,0.9058927000879508,0.8665406608943681,0.9542168674698795,0,False,False,-0.02066842568161842,False,True,-0.025863774593333777,False,True,-0.008224447084111075,False,True
140035184561,medium,medium,2026-01-23-llama-pass-classifications,0,1,0,0,0,0,0,0,0,0,0,0,0,0,0,0,0.6900366300366301,0.6528210916035907,0.8344752975117202,1,1.0,1.0,1.0,1,True,False,0.30996336996336993,True,False,0.3471789083964093,True,False,0.16552470248827977,True,False
146020521474,easy,huge,2026-01-23-llama-pass-classifications,0,0,0,0,0,0,0,0,0,0,0,0,0,0,0,0,0.7868721764549562,0.7787667630859682,0.8836797877045555,1,1.0,1.0,1.0,1,True,False,0.21312782354504378,True,False,0.22123323691403185,True,False,0.11632021229544454,True,False
150759969909,hard,medium,2026-01-23-llama-pass-classifications,1,1,0,0,0,0,0,0,0,0,0,0,0,0,0,0,0.9467376830892144,0.9224155037844484,0.9710144927536232,0,0.6253075571177504,0.6695982156643151,0.7853403141361257,0,False,False,-0.3214301259714639,False,True,-0.25281728812013327,False,True,-0.18567417861749747,False,True
151547044082,easy,small,2026-01-23-llama-pass-classifications,0,1,0,0,0,0,1,0,0,0,0,1,0,0,0,0,0.985372058511766,0.985814967007968,0.9912350597609562,1,1.0,1.0,1.0,1,True,False,0.014627941488233986,True,False,0.014185032992031998,True,False,0.008764940239043839,True,False
153054958748,easy,large,2026-01-23-llama-pass-classifications,1,0,0,0,0,0,0,0,0,1,0,0,0,0,0,0,0.9910213243546576,0.9807976238919628,0.988155668358714,1,1.0,1.0,1.0,1,True,False,0.008978675645342382,True,False,0.01920237610803721,True,False,0.011844331641285955,True,False
156461963067,medium,medium,2026-01-23-llama-pass-classifications,0,1,0,0,0,0,1,0,0,0,0,0,0,0,0,0,0.2856497466843073,0.0799504061296312,0.4325982742090125,1,1.0,1.0,1.0,1,True,False,0.7143502533156927,True,False,0.9200495938703688,True,False,0.5674017257909876,True,False
156850059734,hard,medium,2026-01-23-llama-pass-classifications,0,1,0,0,0,0,0,0,0,0,1,0,0,1,0,0,0.9541088580576308,0.979457455144317,0.972181551976574,1,1.0,1.0,1.0,1,True,False,0.04589114194236921,True,False,0.020542544855682965,True,False,0.027818448023426035,True,False
164791755641,medium,medium,2026-01-23-llama-pass-classifications,0,1,0,0,0,0,1,0,0,0,0,0,0,0,0,0,0.5528190514960309,0.5565943478645852,0.6442341395022783,1,1.0,1.0,1.0,1,True,False,0.44718094850396906,True,False,0.44340565213541483,True,False,0.35576586049772174,True,False
167753101075,hard,medium,2026-01-23-llama-pass-classifications,1,1,0,0,0,0,1,0,0,0,0,1,0,0,0,0,0.7879156176751454,0.8160619195588655,0.8615384615384615,1,1.0,1.0,1.0,1,True,False,0.2120843823248546,True,False,0.18393808044113447,True,False,0.13846153846153852,True,False
172881523060,easy,medium,2026-01-23-llama-pass-classifications,0,1,0,0,0,0,1,0,0,0,0,1,0,0,0,0,0.2678873320152439,0.0623527657893999,0.4219114219114219,1,1.0,1.0,1.0,1,True,False,0.732112667984756,True,False,0.9376472342106001,True,False,0.578088578088578,True,False
185122201628,hard,medium,2026-01-23-llama-pass-classifications,1,1,0,0,0,0,1,0,0,0,1,0,0,0,0,0,0.8953695458593054,0.9057485709830728,0.9402697495183046,1,1.0,1.0,1.0,1,True,False,0.1046304541406946,True,False,0.09425142901692718,True,False,0.059730250481695446,True,False
187284243675,medium,medium,2026-01-23-llama-pass-classifications,0,1,0,0,0,0,0,0,0,0,0,1,0,0,0,0,0.612746216442315,0.6093581293128841,0.7700276243093923,1,1.0,1.0,1.0,1,True,False,0.387253783557685,True,False,0.39064187068711587,True,False,0.2299723756906077,True,False
187891328019,easy,large,2026-01-23-llama-pass-classifications,0,1,0,0,0,0,0,0,0,0,1,0,0,0,0,0,0.9837653836082744,0.989520171263394,0.9919703520691784,1,1.0,1.0,1.0,1,True,False,0.01623461639172563,True,False,0.010479828736606023,True,False,0.008029647930821615,True,False
192421305001,easy,medium,2026-01-23-llama-pass-classifications,0,1,0,0,0,0,0,0,0,1,0,0,0,0,0,0,0.6252951798860953,0.5874669154347392,0.784424778761062,1,1.0,1.0,1.0,1,True,False,0.3747048201139047,True,False,0.41253308456526083,True,False,0.21557522123893802,True,False
192668479653,hard,medium,2026-01-23-llama-pass-classifications,0,1,0,0,0,0,0,0,0,0,0,1,0,0,0,0,0.2227856659905341,0.0607292136989864,0.3153409090909091,1,1.0,1.0,1.0,1,True,False,0.7772143340094659,True,False,0.9392707863010136,True,False,0.6846590909090908,True,False
194262099708,hard,large,2026-01-23-llama-pass-classifications,1,1,0,0,0,0,0,0,0,0,1,0,0,1,0,0,0.9389322432800694,0.9396000778140752,0.9662261380323054,0,0.9088319088319088,0.9391991377264846,0.951651507898516,0,False,False,-0.030100334448160626,False,True,-0.0004009400875906177,False,True,-0.014574630133789346,False,True
197006748592,hard,medium,2026-01-23-llama-pass-classifications,1,1,0,0,0,0,0,0,0,1,0,0,0,1,0,0,0.3241581064459293,0.1423480666361104,0.4629491945477075,1,1.0,1.0,1.0,1,True,False,0.6758418935540706,True,False,0.8576519333638896,True,False,0.5370508054522924,True,False
198338418271,hard,large,2026-01-23-llama-pass-classifications,1,0,0,0,0,1,0,0,0,0,1,0,0,0,0,0,0.4483180428134556,0.3830788084002971,0.7482993197278911,1,0.9986468200270636,1.0,1.0,1,True,False,0.5503287772136081,True,False,0.6169211915997028,True,False,0.2517006802721089,True,False
210922017947,medium,medium,2026-01-23-llama-pass-classifications,0,1,0,0,1,0,0,0,0,0,0,0,0,0,0,0,0.5308447162088861,0.4179157437771097,0.6989182692307693,1,1.0,1.0,1.0,1,True,False,0.46915528379111393,True,False,0.5820842562228903,True,False,0.3010817307692307,True,False
211841636747,hard,large,2026-01-23-llama-pass-classifications,0,1,0,0,0,0,0,0,0,0,0,1,0,0,0,0,0.5629071661237786,0.5999238841772893,0.7460155985079687,0,0.995656894679696,0.994921420702696,0.9963390594198815,0,False,False,0.4327497285559174,True,False,0.3949975365254067,True,False,0.2503234609119128,True,False
215446707250,easy,large,2026-01-23-llama-pass-classifications,0,1,0,0,0,0,1,0,0,1,0,0,0,0,0,0,0.9336734693877552,0.96327538230263,0.9632352941176472,1,1.0,1.0,1.0,1,True,False,0.0663265306122448,True,False,0.03672461769737001,True,False,0.03676470588235281,True,False
217512180114,easy,huge,2026-01-23-llama-pass-classifications,0,0,0,0,0,0,0,0,0,0,0,0,0,1,0,0,0.8846350178662583,0.9445387726526556,0.9315589353612168,1,1.0,1.0,1.0,1,True,False,0.11536498213374169,True,False,0.05546122734734438,True,False,0.06844106463878319,True,False
220102821649,hard,medium,2026-01-23-llama-pass-classifications,0,1,0,0,0,0,0,0,0,0,0,1,0,1,0,0,0.3226426609703997,0.1420496263205988,0.5076576576576577,0,0.8805825764497233,0.8557773794857618,0.9297479938054344,0,False,False,0.5579399154793236,True,False,0.713727753165163,True,False,0.4220903361477767,True,False
225336541252,hard,medium,2026-01-23-llama-pass-classifications,1,1,0,0,0,0,1,0,0,0,0,0,0,0,0,0,0.9578804347826086,0.9207559578327982,0.9770114942528736,1,1.0,1.0,1.0,1,True,False,0.04211956521739135,True,False,0.07924404216720182,True,False,0.02298850574712641,True,False
225963265278,hard,small,2026-01-23-llama-pass-classifications,1,1,0,0,0,0,1,0,0,0,0,1,0,1,0,0,0.6408694981885454,0.6188167733127664,0.7915869980879541,0,0.8439065751946351,0.8804890171900432,0.914185639229422,0,False,False,0.20303707700608964,True,False,0.26167224387727683,True,False,0.1225986411414679,True,False
233897411715,easy,medium,2026-01-23-llama-pass-classifications,1,0,0,0,1,0,0,0,0,0,0,1,0,0,0,0,0.973211009174312,0.9709596844048912,0.9871244635193134,1,1.0,1.0,1.0,1,True,False,0.026788990825687975,True,False,0.02904031559510878,True,False,0.012875536480686622,True,False
238292551428,hard,medium,2026-01-23-llama-pass-classifications,1,0,0,0,0,0,1,0,0,0,0,0,0,1,0,0,0.7601809954751131,0.721713668733175,0.8833333333333333,1,1.0,1.0,1.0,1,True,False,0.23981900452488691,True,False,0.278286331266825,True,False,0.1166666666666667,True,False
238600390342,hard,medium,2026-01-23-llama-pass-classifications,0,1,0,0,0,1,0,0,0,0,0,1,0,0,0,0,0.2873014357113297,0.086065134323469,0.4652348016017474,1,1.0,1.0,1.0,1,True,False,0.7126985642886703,True,False,0.913934865676531,True,False,0.5347651983982527,True,False
247671127480,hard,small,2026-01-23-llama-pass-classifications,1,1,0,0,0,0,1,0,0,0,1,0,0,1,0,0,0.5656028368794326,0.5946925479573362,0.7250778816199376,0,0.996299722479186,0.9981749350932476,0.9990313206328704,0,False,False,0.4306968855997534,True,False,0.40348238713591145,True,False,0.2739534390129328,True,False
249060269671,hard,medium,2026-01-23-llama-pass-classifications,1,0,0,0,0,0,0,0,0,0,0,1,0,1,0,0,0.2116037219485494,0.2069225021126718,0.4341085271317829,1,1.0,1.0,1.0,1,True,False,0.7883962780514506,True,False,0.7930774978873282,True,False,0.5658914728682172,True,False
256863197619,hard,huge,2026-01-23-llama-pass-classifications,0,1,0,0,0,0,1,0,0,0,1,0,0,1,0,0,0.3840550219762331,0.2226304507587077,0.56575682382134,1,1.0,1.0,1.0,1,True,False,0.6159449780237669,True,False,0.7773695492412923,True,False,0.43424317617866004,True,False
261401508580,easy,large,2026-01-23-llama-pass-classifications,0,1,0,0,0,0,0,0,0,0,0,0,0,1,0,0,0.7974626189397371,0.8904141923257538,0.9026002644336713,1,1.0,1.0,1.0,1,True,False,0.20253738106026287,True,False,0.1095858076742462,True,False,0.09739973556632875,True,False
267252009234,medium,large,2026-01-23-llama-pass-classifications,0,1,0,0,0,0,0,0,0,0,0,0,0,1,1,0,0.9848197343453512,0.9692306685737287,0.9935760171306208,1,1.0,1.0,1.0,1,True,False,0.015180265654648806,True,False,0.03076933142627125,True,False,0.0064239828693791745,True,False
272340717131,hard,large,2026-01-23-llama-pass-classifications,0,1,0,0,0,0,0,0,0,0,0,1,0,0,0,0,0.943114482104764,0.9533725525205148,0.9721627408993576,0,0.99174556931294,0.987004176304071,0.9956427015250544,0,False,False,0.048631087208175994,True,False,0.03363162378355622,True,False,0.023479960625696794,True,False
273617180463,hard,large,2026-01-23-llama-pass-classifications,1,0,0,0,0,0,0,0,0,1,0,0,0,0,0,0,0.9985224983210208,0.9960429612808284,0.9988851727982164,1,1.0,1.0,1.0,1,True,False,0.0014775016789791984,True,False,0.003957038719171635,True,False,0.0011148272017835748,True,False
285547976270,hard,medium,2026-01-23-llama-pass-classifications,0,1,0,0,0,1,1,0,0,0,0,1,0,0,0,0,0.9046430354468298,0.9261992405508134,0.9551944854751356,0,0.9987844408427876,0.9988422570477692,0.9994895354772844,0,False,False,0.09414140539595783,True,False,0.07264301649695581,True,False,0.04429505000214873,True,False
293257957212,hard,medium,2026-01-23-llama-pass-classifications,1,1,0,0,0,0,1,0,0,0,0,1,0,1,0,0,0.2223644086255717,0.0451180076017288,0.369782683684029,1,1.0,1.0,1.0,1,True,False,0.7776355913744283,True,False,0.9548819923982712,True,False,0.630217316315971,True,False
298747295667,easy,medium,2026-01-23-llama-pass-classifications,0,1,0,0,0,0,0,0,0,0,0,0,0,0,0,0,0.9636363636363636,0.9674931154101816,0.98568665377176,1,1.0,1.0,1.0,1,True,False,0.036363636363636376,True,False,0.03250688458981843,True,False,0.014313346228239987,True,False
307416445107,hard,small,2026-01-23-llama-pass-classifications,0,1,0,0,0,0,0,0,0,0,0,1,0,0,0,0,0.7805727119595733,0.8011452948542122,0.8976660682226212,1,1.0,1.0,1.0,1,True,False,0.21942728804042666,True,False,0.19885470514578785,True,False,0.10233393177737882,True,False
308257511116,medium,large,2026-01-23-llama-pass-classifications,0,1,0,0,0,0,0,0,0,0,1,0,0,0,1,0,0.3655608504398827,0.2047904006623128,0.4811344644213725,1,1.0,1.0,1.0,1,True,False,0.6344391495601174,True,False,0.7952095993376872,True,False,0.5188655355786276,True,False
309870345904,hard,large,2026-01-23-llama-pass-classifications,1,0,0,0,0,0,0,0,0,0,1,0,0,1,0,0,0.9317535545023696,0.9524054679962566,0.9690189328743548,0,0.9438266871165644,0.9769784232329328,0.9757365684575392,0,False,False,0.012073132614194737,True,False,0.02457295523667624,True,False,0.006717635583184389,True,False
313864474780,hard,medium,2026-01-23-llama-pass-classifications,1,1,0,0,0,0,1,0,0,0,0,0,0,1,0,0,0.9679878048780488,0.970788878261734,0.9806629834254144,0,0.962076468759714,0.9550205877886592,0.983050847457627,0,False,False,-0.005911336118334831,False,True,-0.01576829047307482,False,True,0.0023878640322126943,True,False
314048431397,easy,large,2026-01-23-llama-pass-classifications,1,0,0,0,0,0,0,0,0,0,0,0,0,0,0,0,0.9906351098246212,0.990096798869291,0.992283950617284,1,1.0,1.0,1.0,1,True,False,0.009364890175378782,True,False,0.009903201130708972,True,False,0.007716049382715973,True,False
314641429474,medium,small,2026-01-23-llama-pass-classifications,0,1,0,0,0,0,1,0,0,0,0,1,0,0,0,0,0.62239041311889,0.5440497217971919,0.770088553624139,1,1.0,1.0,1.0,1,True,False,0.37760958688111,True,False,0.4559502782028081,True,False,0.22991144637586103,True,False
317394731630,hard,large,2026-01-23-llama-pass-classifications,1,1,0,0,0,0,0,0,0,0,1,0,0,1,0,0,0.4828441504754031,0.3407270801054913,0.6504992867332382,0,0.9985531211244316,0.9988602169182544,0.9991525423728812,0,False,False,0.5157089706490285,True,False,0.6581331368127632,True,False,0.348653255639643,True,False
321367039584,hard,medium,2026-01-23-llama-pass-classifications,1,1,0,0,0,0,1,0,0,0,0,1,0,1,0,0,0.8027210884353742,0.9144200143412354,0.8850574712643678,1,1.0,1.0,1.0,1,True,False,0.19727891156462585,True,False,0.08557998565876457,True,False,0.11494252873563215,True,False
339104788355,easy,medium,2026-01-23-llama-pass-classifications,0,1,0,0,0,0,0,0,0,0,0,1,0,0,0,0,0.3330118808825798,0.1642423898308975,0.5087519890884292,1,1.0,1.0,1.0,1,True,False,0.6669881191174202,True,False,0.8357576101691024,True,False,0.4912480109115708,True,False
343522719498,medium,medium,2026-01-23-llama-pass-classifications,0,1,0,0,0,0,0,0,0,1,0,0,0,0,0,0,0.6285377358490566,0.5946449663164098,0.7680532445923461,1,1.0,1.0,1.0,1,True,False,0.3714622641509434,True,False,0.40535503368359016,True,False,0.23194675540765386,True,False
345971295844,hard,medium,2026-01-23-llama-pass-classifications,1,1,0,0,0,0,0,0,0,1,0,0,0,0,0,0,0.4948909657320872,0.416433365626123,0.6757046022119159,0,0.9893101305158484,0.995114220737547,0.9935309973045824,0,False,False,0.4944191647837612,True,False,0.578680855111424,True,False,0.3178263950926665,True,False
349315126282,hard,large,2026-01-23-llama-pass-classifications,1,0,0,0,0,0,0,0,0,0,0,1,0,0,0,0,0.4125141809931059,0.275803709975878,0.5973412112259969,0,0.5024434941967013,0.3717295420725854,0.6579545454545455,0,False,False,0.08992931320359543,True,False,0.09592583209670741,True,False,0.06061333422854853,True,False
378868780282,hard,medium,2026-01-23-llama-pass-classifications,0,1,0,0,0,0,0,0,0,0,1,0,0,0,0,0,0.9977292576419214,0.9944881866918438,0.998689384010485,0,0.9989508655359328,1.0,1.0,0,False,False,0.0012216078940113784,True,False,0.005511813308156199,True,False,0.001310615989514985,True,False
393294903439,hard,large,2026-01-23-llama-pass-classifications,0,1,0,0,0,0,1,1,0,0,0,0,0,0,0,0,0.3765364008824456,0.1966536379374371,0.5769048745858969,1,1.0,1.0,1.0,1,True,False,0.6234635991175543,True,False,0.8033463620625629,True,False,0.4230951254141031,True,False
393438257861,hard,medium,2026-01-23-llama-pass-classifications,1,1,0,0,0,0,0,0,0,0,0,1,0,1,0,0,0.8219890510948905,0.7954222366246455,0.898538961038961,1,1.0,1.0,1.0,1,True,False,0.1780109489051095,True,False,0.2045777633753545,True,False,0.10146103896103897,True,False
397314445398,hard,huge,2026-01-23-llama-pass-classifications,1,0,0,0,0,0,1,0,0,0,1,0,0,0,0,0,0.9276164130935916,0.9176346940552196,0.9617245930488344,0,0.989280774550484,0.9967748927224176,0.9953290870488324,0,False,False,0.06166436145689247,True,False,0.07914019866719801,True,False,0.033604493999997986,True,False
400273830246,easy,large,2026-01-23-llama-pass-classifications,0,1,0,0,0,0,0,0,0,0,0,0,0,0,0,0,0.1323079490460031,0.001228034403005,0.2379272104042745,1,1.0,1.0,1.0,1,True,False,0.8676920509539969,True,False,0.998771965596995,True,False,0.7620727895957256,True,False
402397190052,easy,small,2026-01-23-llama-pass-classifications,0,1,0,0,0,0,0,0,0,1,0,0,0,0,0,0,0.6810322580645161,0.7136569157162459,0.8286022278117139,1,1.0,1.0,1.0,1,True,False,0.31896774193548394,True,False,0.2863430842837541,True,False,0.1713977721882861,True,False
408097521578,easy,large,2026-01-23-llama-pass-classifications,0,1,0,0,0,0,0,0,0,1,0,0,0,0,0,0,0.6883360972913212,0.6817446691901785,0.8303622771707877,1,1.0,1.0,1.0,1,True,False,0.31166390270867883,True,False,0.3182553308098215,True,False,0.1696377228292123,True,False
414708677549,easy,medium,2026-01-23-llama-pass-classifications,0,1,0,0,0,0,1,0,0,0,0,1,0,0,0,0,0.9345820134967636,0.9488973263407716,0.9728915662650603,1,1.0,1.0,1.0,1,True,False,0.06541798650323638,True,False,0.05110267365922838,True,False,0.027108433734939652,True,False
437910407439,easy,medium,2026-01-23-llama-pass-classifications,1,0,0,0,0,0,1,0,0,0,0,0,0,0,0,0,0.6925784898340398,0.6803980605470663,0.8272138228941684,1,1.0,1.0,1.0,1,True,False,0.3074215101659602,True,False,0.3196019394529337,True,False,0.17278617710583155,True,False
440358227523,hard,medium,2026-01-23-llama-pass-classifications,1,0,0,0,0,1,1,0,0,0,0,0,0,1,0,0,0.3766424619640387,0.2764387634029121,0.5804735301942006,0,0.4826218227776997,0.6453160884082145,0.6633304572907679,0,False,False,0.105979360813661,True,False,0.3688773250053024,True,False,0.08285692709656733,True,False
446901941937,easy,medium,2026-01-23-llama-pass-classifications,0,0,0,0,0,0,1,0,0,0,0,1,0,0,0,0,0.9333079751489792,0.9379104693651203,0.96,1,1.0,1.0,1.0,1,True,False,0.06669202485102077,True,False,0.06208953063487965,True,False,0.040000000000000036,True,False
447829790275,easy,medium,2026-01-23-llama-pass-classifications,0,1,0,0,0,0,0,0,0,0,0,0,0,0,0,0,0.0922459893048128,0.0649615422608695,0.150375939849624,1,1.0,1.0,1.0,1,True,False,0.9077540106951872,True,False,0.9350384577391305,True,False,0.849624060150376,True,False
456666028139,easy,large,2026-01-23-llama-pass-classifications,1,0,0,0,0,0,1,0,0,0,0,0,0,0,0,0,0.2459422428330523,0.0591478502333638,0.3927567905088979,1,1.0,1.0,1.0,1,True,False,0.7540577571669477,True,False,0.9408521497666362,True,False,0.6072432094911021,True,False
458326496157,easy,medium,2026-01-23-llama-pass-classifications,1,0,0,0,0,1,0,0,0,0,0,1,0,0,0,0,0.0925043579314351,0.0906569103415792,0.175408426483233,1,1.0,1.0,1.0,1,True,False,0.9074956420685649,True,False,0.9093430896584208,True,False,0.824591573516767,True,False
469334552230,hard,medium,2026-01-23-llama-pass-classifications,0,1,0,0,0,0,0,0,0,0,0,1,0,0,0,0,0.9850402761795168,0.9738955112165414,0.9961685823754788,1,1.0,1.0,1.0,1,True,False,0.014959723820483162,True,False,0.026104488783458613,True,False,0.003831417624521216,True,False
472873765214,hard,medium,2026-01-23-llama-pass-classifications,0,1,0,0,0,0,1,0,0,0,0,1,0,0,0,0,0.2907446487790172,0.0892054328225381,0.4688777828259881,1,1.0,1.0,1.0,1,True,False,0.7092553512209828,True,False,0.9107945671774619,True,False,0.531122217174012,True,False
482981666910,hard,large,2026-01-23-llama-pass-classifications,0,1,0,0,0,0,1,0,0,0,0,1,0,0,0,0,0.861131520940485,0.8881619634078247,0.8735632183908046,1,1.0,1.0,1.0,1,True,False,0.13886847905951505,True,False,0.11183803659217528,True,False,0.12643678160919536,True,False
484604872581,easy,medium,2026-01-23-llama-pass-classifications,1,0,0,0,0,0,0,0,0,0,0,0,0,0,0,0,0.9497584541062802,0.9626420245691412,0.9653061224489796,1,1.0,1.0,1.0,1,True,False,0.05024154589371976,True,False,0.037357975430858836,True,False,0.03469387755102038,True,False
492139350012,hard,medium,2026-01-23-llama-pass-classifications,1,0,0,0,0,0,1,0,0,0,0,1,0,1,0,0,0.6499541933871908,0.5404038348808091,0.7793459552495697,0,0.9455074875207988,0.9673671753098536,0.9699522606009549,0,False,False,0.295553294133608,True,False,0.4269633404290445,True,False,0.19060630535138512,True,False
506396780306,hard,large,2026-01-23-llama-pass-classifications,1,0,0,0,0,0,0,0,0,0,1,0,0,1,0,0,0.697983697983698,0.7248568991996589,0.782442748091603,1,1.0,1.0,1.0,1,True,False,0.30201630201630203,True,False,0.2751431008003411,True,False,0.21755725190839703,True,False
508630874783,hard,medium,2026-01-23-llama-pass-classifications,1,1,0,0,0,0,1,0,0,1,0,0,0,0,0,0,0.4097488459431969,0.5424642906221049,0.5076305220883535,0,0.9981222126594164,0.997638932088117,0.9982740766309977,0,False,False,0.5883733667162194,True,False,0.45517464146601216,True,False,0.4906435545426442,True,False
511196211160,hard,medium,2026-01-23-llama-pass-classifications,1,1,0,0,0,0,1,0,0,1,1,0,1,0,0,0,0.3426041766913675,0.3046453060773658,0.2666666666666666,0,0.8736860546601262,0.8855208031697515,0.942439024390244,0,False,False,0.5310818779687587,True,False,0.5808754970923857,True,False,0.6757723577235774,True,False
517899874303,hard,medium,2026-01-23-llama-pass-classifications,1,1,0,0,0,0,1,0,0,1,0,0,0,1,0,0,0.4542981501632208,0.3777924510831181,0.6175173282923756,0,0.9796880667392092,0.9763386225961528,0.9870257037943696,0,False,False,0.5253899165759883,True,False,0.5985461715130347,True,False,0.369508375501994,True,False
519680728963,hard,medium,2026-01-23-llama-pass-classifications,1,1,0,0,0,0,0,0,0,0,0,1,0,0,0,0,0.9884593732407582,0.991255632132876,0.9956675856636472,1,1.0,1.0,1.0,1,True,False,0.011540626759241834,True,False,0.008744367867123959,True,False,0.004332414336352786,True,False
521808026958,easy,medium,2026-01-23-llama-pass-classifications,0,0,0,0,0,0,1,0,0,0,0,0,0,0,0,0,0.4765600904698263,0.2789149406052639,0.6334537945276201,1,1.0,1.0,1.0,1,True,False,0.5234399095301737,True,False,0.7210850593947361,True,False,0.3665462054723799,True,False
526012981031,hard,medium,2026-01-23-llama-pass-classifications,1,1,0,0,0,1,1,0,0,0,0,0,0,1,0,0,0.8965646004480956,0.928387884968196,0.9467238211879976,1,1.0,1.0,1.0,1,True,False,0.1034353995519044,True,False,0.07161211503180398,True,False,0.05327617881200242,True,False
530598542251,easy,medium,2026-01-23-llama-pass-classifications,0,1,0,0,0,0,0,0,0,1,0,0,0,0,0,0,0.1952317933118691,0.0102532101211628,0.3387530043828644,1,1.0,1.0,1.0,1,True,False,0.8047682066881309,True,False,0.9897467898788372,True,False,0.6612469956171356,True,False
531931975772,medium,medium,2026-01-23-llama-pass-classifications,0,1,0,0,0,0,0,0,0,0,0,0,0,0,0,0,0.0999677696605071,6.596071258460078e-05,0.151979245125115,1,1.0,1.0,1.0,1,True,False,0.9000322303394929,True,False,0.9999340392874154,True,False,0.848020754874885,True,False
536304816897,hard,medium,2026-01-23-llama-pass-classifications,0,1,0,0,0,0,0,0,0,0,1,0,0,0,0,0,0.9057924888605984,0.9469814586893556,0.9521410579345088,0,0.9980903882877148,0.9929356006251088,0.9975669099756692,0,False,False,0.09229789942711641,True,False,0.0459541419357532,True,False,0.04542585204116045,True,False
542594518977,easy,medium,2026-01-23-llama-pass-classifications,0,1,0,0,0,0,1,0,0,0,0,0,0,0,0,0,0.2894922750867709,0.0835337814065572,0.4547488305877568,1,1.0,1.0,1.0,1,True,False,0.7105077249132291,True,False,0.9164662185934428,True,False,0.5452511694122433,True,False
547355197520,easy,medium,2026-01-23-llama-pass-classifications,1,0,0,0,0,0,0,0,0,0,0,0,0,0,0,0,0.5443326083657882,0.415942554717815,0.6953028430160691,1,1.0,1.0,1.0,1,True,False,0.45566739163421177,True,False,0.584057445282185,True,False,0.30469715698393085,True,False
553889074834,easy,medium,2026-01-23-llama-pass-classifications,0,0,0,0,0,0,0,0,0,1,0,0,0,1,0,0,0.6607534383097469,0.5591394272854184,0.8025889967637541,1,1.0,1.0,1.0,1,True,False,0.33924656169025313,True,False,0.44086057271458157,True,False,0.19741100323624594,True,False
555290919346,easy,large,2026-01-23-llama-pass-classifications,0,1,0,0,0,0,0,0,0,1,0,0,0,1,0,0,0.9373259052924792,0.914108172977085,0.9626168224299064,1,1.0,1.0,1.0,1,True,False,0.06267409470752083,True,False,0.08589182702291498,True,False,0.03738317757009357,True,False
555381121741,hard,small,2026-01-23-llama-pass-classifications,0,1,0,0,0,0,1,0,0,0,1,0,0,1,0,0,0.7559359006628072,0.7747869180320511,0.8820869565217391,1,1.0,1.0,1.0,1,True,False,0.24406409933719275,True,False,0.22521308196794887,True,False,0.11791304347826093,True,False
557765626847,hard,medium,2026-01-23-llama-pass-classifications,1,0,0,0,0,0,0,0,0,0,0,1,0,1,0,0,0.4575521189726745,0.3082478383560652,0.6081932773109243,1,1.0,1.0,1.0,1,True,False,0.5424478810273254,True,False,0.6917521616439348,True,False,0.3918067226890757,True,False
557911204763,medium,medium,2026-01-23-llama-pass-classifications,0,0,0,0,0,0,0,1,0,0,0,0,0,0,0,0,0.6155088852988692,0.6349641320607639,0.72265625,1,1.0,1.0,1.0,1,True,False,0.38449111470113084,True,False,0.36503586793923615,True,False,0.27734375,True,False
565480322436,hard,medium,2026-01-23-llama-pass-classifications,1,1,0,0,0,0,1,0,0,0,1,0,0,1,0,0,0.9892761394101875,0.9759448254687004,0.994318181818182,1,1.0,1.0,1.0,1,True,False,0.01072386058981245,True,False,0.024055174531299572,True,False,0.00568181818181801,True,False
581971532076,hard,medium,2026-01-23-llama-pass-classifications,1,0,0,0,0,0,0,0,0,0,1,0,0,1,0,0,0.6837625651184973,0.5889089505040893,0.8166042871725077,1,1.0,1.0,1.0,1,True,False,0.3162374348815027,True,False,0.4110910494959107,True,False,0.18339571282749234,True,False
588151195551,easy,large,2026-01-23-llama-pass-classifications,0,1,0,0,0,0,0,0,0,0,1,0,0,0,0,0,0.5389595103578154,0.4049200363046272,0.7082802547770702,1,1.0,1.0,1.0,1,True,False,0.4610404896421846,True,False,0.5950799636953727,True,False,0.29171974522292976,True,False
594875293547,medium,medium,2026-01-23-llama-pass-classifications,1,0,0,0,0,0,0,0,0,0,0,0,0,0,0,0,0.965625,0.977152290737988,0.9823369565217392,1,1.0,1.0,1.0,1,True,False,0.034375000000000044,True,False,0.02284770926201196,True,False,0.017663043478260754,True,False
595433270831,hard,medium,2026-01-23-llama-pass-classifications,1,1,0,0,0,0,0,0,0,1,0,0,0,1,0,0,0.8106822754710079,0.8104799266749687,0.8732394366197183,1,1.0,1.0,1.0,1,True,False,0.1893177245289921,True,False,0.1895200733250313,True,False,0.12676056338028174,True,False
598327271439,easy,large,2026-01-23-llama-pass-classifications,1,0,0,0,0,0,0,0,0,0,0,1,0,0,0,0,0.9688638018936636,0.9818329924243704,0.9820014398848091,1,1.0,1.0,1.0,1,True,False,0.031136198106336388,True,False,0.018167007575629612,True,False,0.017998560115190854,True,False
601783641769,easy,medium,2026-01-23-llama-pass-classifications,0,1,0,0,0,0,0,0,0,0,1,0,0,0,0,0,0.6232944068838353,0.5542297517127638,0.7807213533354611,1,1.0,1.0,1.0,1,True,False,0.3767055931161647,True,False,0.4457702482872362,True,False,0.2192786466645389,True,False
614017873084,easy,medium,2026-01-23-llama-pass-classifications,1,0,0,0,0,0,0,0,0,0,0,0,0,0,0,0,0.9954703832752612,0.9898550581853444,0.9969604863221884,1,1.0,1.0,1.0,1,True,False,0.004529616724738839,True,False,0.01014494181465564,True,False,0.003039513677811634,True,False
616198966979,easy,large,2026-01-23-llama-pass-classifications,0,1,0,0,0,0,1,0,0,0,1,0,0,0,0,0,0.9771897810218978,0.9267001781851656,0.9879518072289156,1,1.0,1.0,1.0,1,True,False,0.022810218978102204,True,False,0.07329982181483441,True,False,0.012048192771084376,True,False
617363168053,medium,medium,2026-01-23-llama-pass-classifications,0,1,0,0,1,0,0,0,0,0,0,1,0,0,0,0,0.9161272923408844,0.7369743878285762,0.962877030162413,1,1.0,1.0,1.0,1,True,False,0.08387270765911559,True,False,0.26302561217142384,True,False,0.037122969837587005,True,False
617717979505,easy,medium,2026-01-23-llama-pass-classifications,0,1,0,0,0,0,1,0,0,0,0,1,0,0,0,0,0.6167204167700322,0.6795284194674178,0.7576530612244897,1,1.0,1.0,1.0,1,True,False,0.3832795832299678,True,False,0.3204715805325822,True,False,0.24234693877551028,True,False
624697055065,easy,medium,2026-01-23-llama-pass-classifications,0,1,0,0,0,0,0,0,0,0,0,1,0,0,0,0,0.4749030590262818,0.3418021648069823,0.6883828192562698,1,1.0,1.0,1.0,1,True,False,0.5250969409737182,True,False,0.6581978351930178,True,False,0.31161718074373024,True,False
630710949027,hard,medium,2026-01-23-llama-pass-classifications,1,1,0,0,0,0,0,0,0,0,0,1,0,1,0,0,0.8504058755315037,0.8531618797695565,0.902222222222222,1,1.0,1.0,1.0,1,True,False,0.1495941244684963,True,False,0.14683812023044351,True,False,0.09777777777777796,True,False
639786970653,hard,large,2026-01-23-llama-pass-classifications,0,1,0,0,0,1,0,0,0,0,0,1,0,1,0,0,0.2075493136987546,0.0090317059110742,0.3376507369361322,0,0.998272884283247,0.99853376371817,0.9992773261065944,0,False,False,0.7907235705844924,True,False,0.9895020578070959,True,False,0.6616265891704622,True,False
640784729255,medium,medium,2026-01-23-llama-pass-classifications,0,1,0,0,0,1,0,0,0,0,0,1,0,0,0,0,0.1155765364732912,0.0010154142651441,0.2958650544857441,1,1.0,1.0,1.0,1,True,False,0.8844234635267088,True,False,0.9989845857348559,True,False,0.7041349455142559,True,False
644391574614,hard,large,2026-01-23-llama-pass-classifications,1,1,0,0,0,0,1,0,0,0,0,0,0,0,0,0,0.7560572687224669,0.8490180744288587,0.8611111111111112,1,1.0,1.0,1.0,1,True,False,0.24394273127753308,True,False,0.15098192557114132,True,False,0.13888888888888884,True,False
652758502101,easy,medium,2026-01-23-llama-pass-classifications,0,1,0,0,0,0,0,0,0,1,0,0,0,1,0,0,0.94061575545086,0.9572061232139346,0.9689621726479146,1,1.0,1.0,1.0,1,True,False,0.05938424454914004,True,False,0.04279387678606539,True,False,0.03103782735208538,True,False
654089349285,easy,medium,2026-01-23-llama-pass-classifications,0,1,0,0,0,1,0,0,0,0,0,1,0,0,0,0,0.6880889959611706,0.6409703978225572,0.8250750750750752,1,1.0,1.0,1.0,1,True,False,0.31191100403882943,True,False,0.35902960217744284,True,False,0.17492492492492484,True,False
660647692663,hard,large,2026-01-23-llama-pass-classifications,0,1,0,0,0,0,0,0,0,0,1,0,0,1,0,0,0.9488245226652812,0.7794541275556732,0.9809885931558936,0,0.6945198046663049,0.627978686686742,0.8246802106847254,0,False,False,-0.25430471799897625,False,True,-0.15147544086893128,False,True,-0.15630838247116818,False,True
679116021620,easy,medium,2026-01-23-llama-pass-classifications,0,1,0,0,0,0,0,0,0,0,1,0,0,0,0,0,0.2204388714733542,0.0610989669002949,0.3717357910906297,1,1.0,1.0,1.0,1,True,False,0.7795611285266458,True,False,0.9389010330997051,True,False,0.6282642089093703,True,False
689359574943,easy,medium,2026-01-23-llama-pass-classifications,0,1,0,0,0,0,1,0,0,0,0,1,0,0,0,0,0.0803609691775176,1.2031652211464756e-05,0.1505053798500163,1,1.0,1.0,1.0,1,True,False,0.9196390308224824,True,False,0.9999879683477886,True,False,0.8494946201499837,True,False
695599908844,hard,large,2026-01-23-llama-pass-classifications,1,1,0,0,0,0,0,0,0,0,0,1,0,1,0,0,0.3067768464336549,0.12236768015304,0.5108813928182807,1,1.0,1.0,1.0,1,True,False,0.6932231535663451,True,False,0.87763231984696,True,False,0.4891186071817193,True,False
695966602227,hard,medium,2026-01-23-llama-pass-classifications,0,1,0,0,0,0,1,0,0,0,1,0,0,0,0,0,0.4630630630630631,0.3787581499398759,0.68498059122126,0,0.9967770909283036,0.9970066317406332,1.0,0,False,False,0.5337140278652405,True,False,0.6182484818007573,True,False,0.31501940877874,True,False
699354904206,hard,large,2026-01-23-llama-pass-classifications,1,0,0,0,0,0,0,0,0,0,1,0,0,0,0,0,0.9877989263055148,0.9755962367521672,0.981818181818182,1,1.0,1.0,1.0,1,True,False,0.012201073694485198,True,False,0.024403763247832777,True,False,0.018181818181817966,True,False
704064103392,hard,small,2026-01-23-llama-pass-classifications,0,1,0,0,0,0,1,0,0,1,0,0,0,0,0,0,0.2997781065088757,0.376707966201723,0.3122229259024699,1,1.0,1.0,1.0,1,True,False,0.7002218934911243,True,False,0.623292033798277,True,False,0.6877770740975301,True,False
708664933281,hard,large,2026-01-23-llama-pass-classifications,1,1,0,0,0,0,1,0,0,0,0,1,0,1,0,0,0.4945496270797476,0.39811832410854,0.6472727272727273,0,0.5530694205393001,0.4455679854833362,0.7069431920649233,0,False,False,0.058519793459552494,True,False,0.047449661374796226,True,False,0.059670464792195954,True,False
710066445413,hard,large,2026-01-23-llama-pass-classifications,1,1,0,0,0,0,1,0,0,0,0,1,0,1,0,0,0.9698002922552362,0.942493121715501,0.9775561097256856,0,0.8449304174950298,0.8917996179555463,0.9518716577540108,0,False,False,-0.12486987476020639,False,True,-0.05069350375995474,False,True,-0.025684451971674793,False,True
717455631464,hard,large,2026-01-23-llama-pass-classifications,1,1,0,0,0,0,1,0,0,0,0,0,0,0,0,0,0.2573855746453563,0.0557470491712063,0.4025497392312149,1,1.0,1.0,1.0,1,True,False,0.7426144253546437,True,False,0.9442529508287937,True,False,0.597450260768785,True,False
731677227344,easy,small,2026-01-23-llama-pass-classifications,0,1,0,0,0,0,0,0,0,0,0,1,0,1,0,0,0.9649773382777092,0.9919091401794125,0.9809843400447428,1,1.0,1.0,1.0,1,True,False,0.03502266172229085,True,False,0.008090859820587548,True,False,0.019015659955257225,True,False
735341233792,hard,medium,2026-01-23-llama-pass-classifications,0,1,0,0,0,0,1,0,0,1,0,0,0,1,0,0,0.3494065676725744,0.2990493714168066,0.5611246943765281,1,1.0,1.0,1.0,1,True,False,0.6505934323274256,True,False,0.7009506285831935,True,False,0.4388753056234719,True,False
737333157458,easy,large,2026-01-23-llama-pass-classifications,0,0,0,0,0,0,0,0,0,0,1,0,0,0,0,0,0.9972288934047664,0.9937106884284768,0.9980582524271844,1,1.0,1.0,1.0,1,True,False,0.002771106595233608,True,False,0.006289311571523237,True,False,0.001941747572815622,True,False
746106492868,medium,medium,2026-01-23-llama-pass-classifications,0,1,0,0,0,1,0,0,0,0,0,0,0,1,0,0,0.7556438910972774,0.7293100298002004,0.8556271314892004,1,1.0,1.0,1.0,1,True,False,0.24435610890272264,True,False,0.27068997019979957,True,False,0.14437286851079956,True,False
753347001855,easy,large,2026-01-23-llama-pass-classifications,1,0,0,0,0,0,0,0,0,0,0,1,0,1,0,0,0.9950257289879932,0.990540537647726,0.9980781550288276,1,1.0,1.0,1.0,1,True,False,0.004974271012006759,True,False,0.009459462352274017,True,False,0.0019218449711724261,True,False
759480577751,hard,large,2026-01-23-llama-pass-classifications,1,1,0,0,0,0,0,0,0,0,0,0,0,1,0,0,0.1881520515054289,0.0224743312058464,0.3371135622184247,1,1.0,1.0,1.0,1,True,False,0.8118479484945711,True,False,0.9775256687941536,True,False,0.6628864377815753,True,False
773109441061,medium,medium,2026-01-23-llama-pass-classifications,0,1,0,0,0,0,1,0,0,1,0,0,0,0,0,0,0.3249648523799959,0.4983485602397637,0.5235443037974684,1,1.0,1.0,1.0,1,True,False,0.675035147620004,True,False,0.5016514397602363,True,False,0.4764556962025316,True,False
784967056668,hard,huge,2026-01-23-llama-pass-classifications,1,1,0,0,1,0,0,0,0,0,1,0,0,0,0,0,0.9598527935764468,0.9803671661170518,0.975918884664132,1,1.0,1.0,1.0,1,True,False,0.04014720642355318,True,False,0.01963283388294823,True,False,0.024081115335867986,True,False
786449541166,easy,huge,2026-01-23-llama-pass-classifications,0,1,0,0,0,0,1,0,0,1,0,0,0,0,0,0,0.9628340977384152,0.9553343358272344,0.9780865847140566,1,1.0,1.0,1.0,1,True,False,0.03716590226158478,True,False,0.04466566417276563,True,False,0.021913415285943372,True,False
791503251376,easy,medium,2026-01-23-llama-pass-classifications,0,1,0,0,0,0,1,0,0,0,0,0,0,0,0,0,0.9136049472535468,0.9128658867914172,0.9525256361564756,1,1.0,1.0,1.0,1,True,False,0.0863950527464532,True,False,0.08713411320858278,True,False,0.047474363843524436,True,False
795115689640,hard,medium,2026-01-23-llama-pass-classifications,0,1,0,0,0,0,1,0,0,0,0,0,1,0,0,0,0.9611499611499612,0.9620591316392072,0.9827357237715804,1,1.0,1.0,1.0,1,True,False,0.03885003885003879,True,False,0.0379408683607928,True,False,0.01726427622841964,True,False
796804316249,easy,medium,2026-01-23-llama-pass-classifications,0,1,0,0,0,1,1,0,0,0,1,0,0,0,0,0,0.8166666666666667,0.7079253120430071,0.8571428571428571,1,1.0,1.0,1.0,1,True,False,0.18333333333333335,True,False,0.2920746879569929,True,False,0.1428571428571429,True,False
797133169666,medium,medium,2026-01-23-llama-pass-classifications,1,0,0,0,0,0,0,0,0,0,0,1,0,1,0,0,0.4136676101900526,0.4785163499829022,0.4392638036809815,1,1.0,1.0,1.0,1,True,False,0.5863323898099474,True,False,0.5214836500170978,True,False,0.5607361963190185,True,False
802604061177,medium,medium,2026-01-23-llama-pass-classifications,0,1,0,0,0,0,0,0,0,0,1,0,0,0,0,0,0.4736352881527801,0.5619807965890392,0.7057971014492753,1,1.0,1.0,1.0,1,True,False,0.5263647118472199,True,False,0.4380192034109608,True,False,0.2942028985507247,True,False
802843381626,medium,large,2026-01-23-llama-pass-classifications,1,0,0,0,0,1,0,0,0,0,0,1,0,0,0,0,0.8318272185071389,0.8369012021318905,0.9048608226007476,1,1.0,1.0,1.0,1,True,False,0.16817278149286108,True,False,0.16309879786810955,True,False,0.09513917739925237,True,False
807337690904,easy,large,2026-01-23-llama-pass-classifications,0,1,0,0,0,0,1,0,0,1,0,0,0,0,0,0,0.9053468208092486,0.7648939945918315,0.9565217391304348,1,1.0,1.0,1.0,1,True,False,0.09465317919075145,True,False,0.2351060054081685,True,False,0.04347826086956519,True,False
809992357823,medium,medium,2026-01-23-llama-pass-classifications,1,0,0,0,1,0,0,0,0,0,1,0,0,0,0,0,0.1116310160427807,0.0003769101119174,0.2176148046607265,1,1.0,1.0,1.0,1,True,False,0.8883689839572193,True,False,0.9996230898880826,True,False,0.7823851953392735,True,False
823245019634,easy,medium,2026-01-23-llama-pass-classifications,1,0,0,0,0,0,0,0,0,1,0,0,0,0,0,0,0.0049031332217173,0.0007373464703286,0.0036297640653357,1,1.0,1.0,1.0,1,True,False,0.9950968667782827,True,False,0.9992626535296714,True,False,0.9963702359346643,True,False
825096066117,easy,small,2026-01-23-llama-pass-classifications,0,0,0,0,0,0,0,1,0,0,0,0,0,0,0,0,0.9517722254503196,0.8970992354575789,0.9597315436241612,1,1.0,1.0,1.0,1,True,False,0.04822777454968041,True,False,0.10290076454242114,True,False,0.04026845637583876,True,False
838386290601,easy,medium,2026-01-23-llama-pass-classifications,0,0,0,0,0,0,0,1,0,0,0,0,0,0,0,0,0.4308943089430894,0.4144799365854192,0.3934426229508196,1,1.0,1.0,1.0,1,True,False,0.5691056910569106,True,False,0.5855200634145807,True,False,0.6065573770491803,True,False
838757145915,hard,medium,2026-01-23-llama-pass-classifications,1,1,0,0,0,0,0,0,0,0,0,1,0,0,0,0,0.6823728813559322,0.7409123999928924,0.8635536688902364,1,1.0,1.0,1.0,1,True,False,0.3176271186440678,True,False,0.2590876000071076,True,False,0.13644633110976356,True,False
839091243336,medium,medium,2026-01-23-llama-pass-classifications,0,1,0,0,0,0,1,0,0,0,0,1,0,0,0,0,0.5187458404200251,0.4857303465110289,0.7010443864229765,1,1.0,1.0,1.0,1,True,False,0.48125415957997486,True,False,0.514269653488971,True,False,0.2989556135770235,True,False
849927950896,easy,medium,2026-01-23-llama-pass-classifications,0,1,0,0,0,0,0,0,0,0,0,1,0,1,0,0,0.6582448796531619,0.7125019815731912,0.7981029810298103,1,1.0,1.0,1.0,1,True,False,0.3417551203468381,True,False,0.2874980184268088,True,False,0.20189701897018975,True,False
857012001082,easy,medium,2026-01-23-llama-pass-classifications,0,1,0,0,0,0,0,0,0,0,1,0,0,1,0,0,0.5205093669646137,0.5223232477386359,0.6355525051475635,1,1.0,1.0,1.0,1,True,False,0.4794906330353863,True,False,0.4776767522613641,True,False,0.36444749485243655,True,False
861987333005,easy,medium,2026-01-23-llama-pass-classifications,0,1,0,0,0,0,0,0,0,0,1,0,0,1,0,0,0.5375180375180375,0.6085440976734023,0.6524822695035462,1,1.0,1.0,1.0,1,True,False,0.4624819624819625,True,False,0.39145590232659766,True,False,0.34751773049645385,True,False
864000062415,easy,medium,2026-01-23-llama-pass-classifications,0,1,0,0,0,0,0,0,0,1,0,0,0,1,0,0,0.6115095329718383,0.5193056720998217,0.7341666666666665,1,1.0,1.0,1.0,1,True,False,0.3884904670281617,True,False,0.4806943279001783,True,False,0.2658333333333335,True,False
865620130171,medium,small,2026-01-23-llama-pass-classifications,0,1,0,0,0,0,1,0,0,0,0,1,0,0,1,0,0.0966271549345517,9.269877385820648e-05,0.1797811360083376,1,1.0,1.0,1.0,1,True,False,0.9033728450654483,True,False,0.9999073012261418,True,False,0.8202188639916624,True,False
870389664851,hard,huge,2026-01-23-llama-pass-classifications,0,1,0,0,0,0,0,0,0,1,0,0,0,0,0,0,0.2397372742200328,0.1719486035445504,0.3441558441558442,0,0.0,0.0,0.0,0,False,False,-0.2397372742200328,False,True,-0.1719486035445504,False,True,-0.3441558441558442,False,True
875863749916,hard,large,2026-01-23-llama-pass-classifications,0,1,0,0,0,0,1,0,0,1,0,0,0,1,0,0,0.285853026869537,0.251184456619212,0.2725925925925926,1,1.0,1.0,1.0,1,True,False,0.714146973130463,True,False,0.7488155433807879,True,False,0.7274074074074074,True,False
881115112368,hard,medium,2026-01-23-llama-pass-classifications,1,0,0,0,0,0,0,0,0,0,0,1,0,0,0,0,0.9297777777777778,0.9443322063484624,0.974910394265233,0,0.9934701492537312,0.9904687277442776,0.996389891696751,0,False,False,0.06369237147595341,True,False,0.046136521395815255,True,False,0.021479497431518002,True,False
883062358536,easy,small,2026-01-23-llama-pass-classifications,0,0,0,0,0,0,0,1,0,0,0,0,0,0,0,0,0.4637753937457202,0.2646874684442166,0.6325216904561992,1,1.0,1.0,1.0,1,True,False,0.5362246062542798,True,False,0.7353125315557834,True,False,0.3674783095438008,True,False
883067272382,hard,medium,2026-01-23-llama-pass-classifications,1,1,0,0,0,0,1,0,0,0,1,0,0,0,0,0,0.9537930334111911,0.9589695783266692,0.9723526343244652,1,1.0,1.0,1.0,1,True,False,0.04620696658880885,True,False,0.04103042167333082,True,False,0.02764736567553483,True,False
887364641960,easy,large,2026-01-23-llama-pass-classifications,0,1,0,0,0,0,0,0,0,0,0,1,0,0,0,0,0.4619854933146902,0.3174366239994895,0.6333897349125776,1,1.0,1.0,1.0,1,True,False,0.5380145066853098,True,False,0.6825633760005105,True,False,0.36661026508742245,True,False
891134878759,easy,huge,2026-01-23-llama-pass-classifications,0,0,0,0,0,0,0,1,0,0,0,0,0,0,0,0,0.8597402597402597,0.9497403987744772,0.922056384742952,1,1.0,1.0,1.0,1,True,False,0.1402597402597403,True,False,0.050259601225522754,True,False,0.07794361525704796,True,False
897976472360,hard,large,2026-01-23-llama-pass-classifications,1,0,0,0,0,0,1,0,0,0,0,0,0,0,0,0,0.8075973560563829,0.8432464604761285,0.911692559280458,1,1.0,1.0,1.0,1,True,False,0.19240264394361706,True,False,0.1567535395238715,True,False,0.088307440719542,True,False
900001676680,hard,medium,2026-01-23-llama-pass-classifications,1,0,0,0,0,0,0,0,0,0,1,0,1,0,0,0,0.65419232591189,0.7533506656159561,0.8170515097690941,0,0.0,0.0,0.0,0,False,False,-0.65419232591189,False,True,-0.7533506656159561,False,True,-0.8170515097690941,False,True
905153760554,hard,medium,2026-01-23-llama-pass-classifications,0,1,0,0,0,0,1,0,0,1,0,0,0,0,0,0,0.4893829905503057,0.3277944213922829,0.6560659599528857,0,0.991550861589772,0.991937865929988,0.9934181658622204,0,False,False,0.5021678710394664,True,False,0.6641434445377051,True,False,0.3373522059093347,True,False
911271203201,easy,medium,2026-01-23-llama-pass-classifications,1,0,0,0,0,1,0,0,0,0,0,1,0,0,0,0,0.4709243697478992,0.5032488314449449,0.521875,1,1.0,1.0,1.0,1,True,False,0.5290756302521008,True,False,0.4967511685550551,True,False,0.478125,True,False
911766458251,hard,small,2026-01-23-llama-pass-classifications,0,1,0,0,0,1,0,0,0,0,0,1,0,0,0,0,0.9732549317147192,0.9824991301830672,0.982480728801682,0,0.9869119878603946,0.990453063055078,0.988826815642458,0,False,False,0.013657056145675361,True,False,0.007953932872010738,True,False,0.006346086840775977,True,False
912411629049,easy,medium,2026-01-23-llama-pass-classifications,0,1,0,0,0,0,0,0,0,0,0,1,0,0,0,0,0.5570453871254821,0.5449943674185725,0.7435989902632528,1,1.0,1.0,1.0,1,True,False,0.4429546128745179,True,False,0.45500563258142745,True,False,0.2564010097367472,True,False
922682733904,hard,large,2026-01-23-llama-pass-classifications,1,1,0,0,0,0,1,0,0,1,0,0,0,0,0,0,0.8575616906914244,0.8424865019304222,0.929398148148148,1,1.0,1.0,1.0,1,True,False,0.1424383093085756,True,False,0.15751349806957782,True,False,0.07060185185185197,True,False
923952906245,hard,small,2026-01-23-llama-pass-classifications,0,1,0,0,0,0,1,0,0,0,0,1,0,1,0,0,0.8732902450022546,0.8898444800381207,0.9316596931659692,0,0.9995144845444248,1.0,1.0,0,False,False,0.1262242395421702,True,False,0.11015551996187933,True,False,0.0683403068340308,True,False
926525919272,easy,large,2026-01-23-llama-pass-classifications,1,0,0,0,0,0,0,0,0,0,0,1,0,0,0,0,0.7988235294117647,0.7587892637020037,0.8739495798319328,1,1.0,1.0,1.0,1,True,False,0.2011764705882353,True,False,0.24121073629799628,True,False,0.12605042016806722,True,False
936455278776,hard,medium,2026-01-23-llama-pass-classifications,1,1,0,0,0,0,1,0,0,0,1,0,0,1,0,0,0.1171548117154811,0.0007473354165803,0.2145522388059701,0,0.9774763375006328,0.9813956608022096,0.9805296765414006,0,False,False,0.8603215257851516,True,False,0.9806483253856293,True,False,0.7659774377354305,True,False
936753285532,hard,large,2026-01-23-llama-pass-classifications,0,1,0,0,0,0,0,0,0,1,0,0,0,0,0,0,0.2922197043271825,0.2561994527182159,0.2708642708642708,1,1.0,1.0,1.0,1,True,False,0.7077802956728175,True,False,0.7438005472817841,True,False,0.7291357291357292,True,False
945029853918,hard,large,2026-01-23-llama-pass-classifications,1,1,0,0,0,1,1,0,0,0,0,1,0,0,0,0,0.1821586036117654,0.0158893157153747,0.3434284034107615,1,1.0,1.0,1.0,1,True,False,0.8178413963882346,True,False,0.9841106842846253,True,False,0.6565715965892385,True,False
958670475085,hard,medium,2026-01-23-llama-pass-classifications,0,1,0,0,0,1,1,0,0,0,0,1,0,1,0,0,0.7461913918059458,0.7746333830767435,0.8654416123295792,0,0.998019801980198,0.9971916646096892,0.9975124378109452,0,False,False,0.25182841017425217,True,False,0.22255828153294577,True,False,0.13207082548136606,True,False
961702553023,hard,medium,2026-01-23-llama-pass-classifications,1,1,0,0,0,0,0,0,0,0,0,0,0,0,0,0,0.0895410318180396,0.0007186473758315,0.1361031518624642,1,1.0,1.0,1.0,1,True,False,0.9104589681819604,True,False,0.9992813526241685,True,False,0.8638968481375358,True,False
972312520673,hard,medium,2026-01-23-llama-pass-classifications,0,1,0,0,0,0,1,0,0,0,0,1,0,0,0,0,0.8938721866272383,0.8939456211386267,0.9467040673211782,0,0.9992725950172758,1.0,1.0,0,False,False,0.1054004083900375,True,False,0.10605437886137326,True,False,0.05329593267882182,True,False
973399694447,hard,medium,2026-01-23-llama-pass-classifications,1,0,0,0,0,0,1,0,0,0,0,1,0,0,0,0,0.781226343679031,0.6182079918925624,0.6382978723404256,1,1.0,1.0,1.0,1,True,False,0.218773656320969,True,False,0.38179200810743763,True,False,0.36170212765957444,True,False
974016557855,easy,large,2026-01-23-llama-pass-classifications,0,0,0,0,0,0,0,0,0,0,0,1,0,0,0,0,0.8794063079777366,0.8598664419797538,0.9336734693877552,1,1.0,1.0,1.0,1,True,False,0.12059369202226344,True,False,0.14013355802024619,True,False,0.0663265306122448,True,False
997882935345,easy,medium,2026-01-23-llama-pass-classifications,0,1,0,0,0,0,1,0,0,0,1,0,0,0,0,0,0.6367984245322831,0.5878360938169324,0.7938782155649624,1,1.0,1.0,1.0,1,True,False,0.3632015754677169,True,False,0.41216390618306764,True,False,0.2061217844350376,True,False
