id,n_conflict_files,n_total_conflicts,repo_commits,repo_code_lines,repo_contributors,difficulty,project_size
233897411715,1,1,976,15211,138,easy,medium
41671245706,1,1,265,2786,13,easy,small
271188139480,1,1,2478,22609,73,easy,medium
887886114976,1,1,1827,11103,92,easy,medium
192974181015,1,1,4122,272515,295,easy,large
408097521578,1,1,4122,272515,295,easy,large
294960502166,1,1,4122,272515,295,easy,large
530345427777,1,1,4122,272515,295,easy,large
744412747774,1,1,4122,272515,295,easy,large
725623497961,1,1,14027,495712,350,easy,large
822687353565,1,1,14027,495712,350,easy,large
764624943018,1,1,14027,495712,350,easy,large
935494102851,1,1,14027,495712,350,easy,large
59731440743,1,1,14027,495712,350,easy,large
455519918518,1,1,14027,495712,350,easy,large
83402143959,1,1,14027,495712,350,easy,large
224247888380,1,1,1056,11772,35,easy,medium
663957355663,1,1,1056,11772,35,easy,medium
259612291589,1,1,2583,95351,63,easy,medium
552489197270,1,1,2583,95351,63,easy,medium
144051701748,1,1,2583,95351,63,easy,medium
160767656621,1,1,2583,95351,63,easy,medium
797869763280,1,1,2583,95351,63,easy,medium
901787813821,1,1,2583,95351,63,easy,medium
484604872581,1,1,2583,95351,63,easy,medium
875104636468,1,1,2583,95351,63,easy,medium
320713865506,1,1,2583,95351,63,easy,medium
816101673573,1,1,2583,95351,63,easy,medium
889687583564,1,1,804,53102,86,easy,medium
646663356449,1,1,804,53102,86,easy,medium
14222973267,1,1,804,53102,86,easy,medium
887262333435,1,1,804,53102,86,easy,medium
387387732626,1,1,1363,112168,109,easy,large
894449030687,1,1,1603,44596,123,easy,medium
979769281315,1,1,1603,44596,123,easy,medium
410944372777,1,1,1855,29363,103,easy,medium
39207980038,1,1,1855,29363,103,easy,medium
738093286140,1,1,1855,29363,103,easy,medium
320227862460,1,1,19796,1241373,436,easy,huge
100853987825,1,1,19796,1241373,436,easy,huge
963888525647,1,1,19796,1241373,436,easy,huge
292384393329,1,1,19796,1241373,436,easy,huge
196807749657,1,1,19796,1241373,436,easy,huge
911193036416,1,1,19796,1241373,436,easy,huge
72809415679,1,1,19796,1241373,436,easy,huge
899892906797,1,1,19796,1241373,436,easy,huge
297201202449,1,1,19796,1241373,436,easy,huge
377149048565,1,1,19796,1241373,436,easy,huge
42053761198,1,1,19796,1241373,436,easy,huge
464900646413,1,1,19796,1241373,436,easy,huge
597032650655,1,1,19796,1241373,436,easy,huge
849853816180,1,1,19796,1241373,436,easy,huge
416718946157,1,1,1594,417005,152,easy,large
634732030700,1,1,5584,58851,81,easy,medium
543704006397,1,1,5584,58851,81,easy,medium
523613345648,1,1,5584,58851,81,easy,medium
664190296136,1,1,5584,58851,81,easy,medium
991528421637,1,1,5584,58851,81,easy,medium
709290044412,1,1,5584,58851,81,easy,medium
659905908388,1,1,5584,58851,81,easy,medium
534740447932,1,1,5584,58851,81,easy,medium
278489793921,1,1,5584,58851,81,easy,medium
971107018593,1,1,5584,58851,81,easy,medium
745011378403,1,1,5584,58851,81,easy,medium
127442621803,1,1,5584,58851,81,easy,medium
40935863883,1,1,5584,58851,81,easy,medium
921632145612,1,1,5584,58851,81,easy,medium
37073897055,1,1,5584,58851,81,easy,medium
652033562017,1,1,5584,58851,81,easy,medium
278855794417,1,1,5584,58851,81,easy,medium
241210066237,1,1,5584,58851,81,easy,medium
45553492800,1,1,5584,58851,81,easy,medium
793069579776,1,1,5584,58851,81,easy,medium
536168166896,1,1,5584,58851,81,easy,medium
421522830744,1,1,13258,953154,401,easy,large
324834716438,1,1,13258,953154,401,easy,large
779676937321,1,1,13258,953154,401,easy,large
244282362208,1,1,13258,953154,401,easy,large
237088721185,1,1,13258,953154,401,easy,large
613725885182,1,1,6702,301264,77,easy,large
861045220386,1,1,6702,301264,77,easy,large
906273879128,1,1,7136,245677,302,easy,large
45020413971,1,1,7136,245677,302,easy,large
471535256630,1,1,7136,245677,302,easy,large
751609147728,1,1,2397,30780,114,easy,medium
883881517699,1,1,2397,30780,114,easy,medium
509766538380,1,1,2397,30780,114,easy,medium
129221788975,1,1,2397,30780,114,easy,medium
810651792051,1,1,2397,30780,114,easy,medium
616198966979,1,1,5716,491328,197,easy,large
565830903795,1,1,5716,491328,197,easy,large
716044946624,1,1,5716,491328,197,easy,large
97369867525,1,1,5716,491328,197,easy,large
555290919346,1,1,5716,491328,197,easy,large
671638652582,1,1,5716,491328,197,easy,large
311713717407,1,1,5716,491328,197,easy,large
805408191704,1,1,5716,491328,197,easy,large
45626539229,1,1,5716,491328,197,easy,large
506112998075,1,1,5716,491328,197,easy,large
854918006643,1,1,5716,491328,197,easy,large
271547826851,1,1,5716,491328,197,easy,large
978240426251,1,1,5716,491328,197,easy,large
804237079085,1,1,5716,491328,197,easy,large
965563141071,1,1,5716,491328,197,easy,large
334950146121,1,1,5716,491328,197,easy,large
959670000760,1,1,5716,491328,197,easy,large
264841662615,1,1,5716,491328,197,easy,large
137807918710,1,1,5716,491328,197,easy,large
289090664580,1,1,5716,491328,197,easy,large
744790156574,1,1,5716,491328,197,easy,large
154179589023,1,1,5716,491328,197,easy,large
186905093121,1,1,5716,491328,197,easy,large
707608676459,1,1,5716,491328,197,easy,large
987081529487,1,1,5716,491328,197,easy,large
371015791792,1,1,5716,491328,197,easy,large
926525919272,1,1,5716,491328,197,easy,large
223429335699,1,1,5716,491328,197,easy,large
900111579029,1,1,5716,491328,197,easy,large
329126864326,1,1,5716,491328,197,easy,large
283261058805,1,1,5716,491328,197,easy,large
167222656965,1,1,5716,491328,197,easy,large
739390563763,1,1,5716,491328,197,easy,large
589983561238,1,1,5716,491328,197,easy,large
511088739143,1,1,5716,491328,197,easy,large
493728945888,1,1,5716,491328,197,easy,large
846712784006,1,1,5716,491328,197,easy,large
375446098661,1,1,5716,491328,197,easy,large
785575383498,1,1,5716,491328,197,easy,large
422033800664,1,1,5716,491328,197,easy,large
763125090046,1,1,5716,491328,197,easy,large
913456242246,1,1,5716,491328,197,easy,large
870971248030,1,1,2667,200907,361,easy,large
598327271439,1,1,2667,200907,361,easy,large
558278779118,1,1,2667,200907,361,easy,large
385336802930,1,1,2667,200907,361,easy,large
99449744727,1,1,2667,200907,361,easy,large
327055077106,1,1,2667,200907,361,easy,large
166861654099,1,1,11787,254222,277,easy,large
539672099916,1,1,11787,254222,277,easy,large
558916203435,1,1,11000,325846,299,easy,large
16130294178,1,1,353,78405,21,easy,medium
291724734374,1,1,2324,131201,105,easy,large
586084977835,1,1,9220,388827,119,easy,large
162644996094,1,1,9220,388827,119,easy,large
77125507817,1,1,3844,238734,187,easy,large
646648244999,1,1,3844,238734,187,easy,large
348853122372,1,1,1814,48290,348,easy,medium
516357586965,1,1,2699,62511,124,easy,medium
12459398132,1,1,1307,24591,38,easy,medium
764800814176,1,1,1424,158243,140,easy,large
567762819010,1,1,1424,158243,140,easy,large
401181347436,1,1,1424,158243,140,easy,large
385293859278,1,1,1424,158243,140,easy,large
32019286296,1,1,1424,158243,140,easy,large
140366539518,1,1,235,63364,24,easy,medium
318401209019,1,1,235,63364,24,easy,medium
706442907076,1,1,235,63364,24,easy,medium
247402917526,1,1,235,63364,24,easy,medium
126658010330,1,1,235,63364,24,easy,medium
789023469196,1,1,235,63364,24,easy,medium
933118172995,1,1,235,63364,24,easy,medium
923603651407,1,1,2902,344176,154,easy,large
421117117299,1,1,1260,10212,16,easy,medium
624697055065,1,1,904,70795,140,easy,medium
258610168409,1,1,796,41421,49,easy,medium
928331411848,1,1,796,41421,49,easy,medium
42448858539,1,1,3156,302421,180,easy,large
277187372575,1,1,3156,302421,180,easy,large
334743148956,1,1,3156,302421,180,easy,large
682086026826,1,1,11808,167861,8,easy,large
977417744289,1,1,3202,214622,142,easy,large
788190794177,1,1,3202,214622,142,easy,large
624658962695,1,1,3202,214622,142,easy,large
473036096332,1,1,3202,214622,142,easy,large
368067631874,1,1,3202,214622,142,easy,large
563323240235,1,1,3202,214622,142,easy,large
563974765755,1,1,3202,214622,142,easy,large
25505676981,1,1,3202,214622,142,easy,large
958916956587,1,1,3202,214622,142,easy,large
158411186497,1,1,3202,214622,142,easy,large
979223868068,1,1,3202,214622,142,easy,large
977757240705,1,1,3202,214622,142,easy,large
207238523129,1,1,3202,214622,142,easy,large
620892333851,1,1,3202,214622,142,easy,large
363305361277,1,1,3202,214622,142,easy,large
36712893608,1,1,3202,214622,142,easy,large
93167554550,1,1,3202,214622,142,easy,large
423295065596,1,1,3202,214622,142,easy,large
510176662849,1,1,3202,214622,142,easy,large
642118282606,1,1,3202,214622,142,easy,large
681409393008,1,1,3202,214622,142,easy,large
727878654500,1,1,2226,37352,14,easy,medium
938061759088,1,1,2226,37352,14,easy,medium
965325250429,1,1,2226,37352,14,easy,medium
655508314646,1,1,2226,37352,14,easy,medium
851608502567,1,1,2226,37352,14,easy,medium
124226477194,1,1,2226,37352,14,easy,medium
509639870939,1,1,2226,37352,14,easy,medium
970672335623,1,1,2226,37352,14,easy,medium
650658473980,1,1,433,103518,52,easy,large
784518178277,1,1,1254,48777,43,easy,medium
426624007482,1,1,1254,48777,43,easy,medium
673955933836,1,1,1254,48777,43,easy,medium
220662483217,1,1,1494,17605,68,easy,medium
89211520311,1,1,1494,17605,68,easy,medium
565259960336,1,1,1494,17605,68,easy,medium
86208514346,1,1,1494,17605,68,easy,medium
747644957506,1,1,1494,17605,68,easy,medium
936446629389,1,1,1494,17605,68,easy,medium
67700861937,1,1,1494,17605,68,easy,medium
64938970296,1,1,1494,17605,68,easy,medium
12005941047,1,1,1494,17605,68,easy,medium
930100752068,1,1,3785,278893,116,easy,large
479520977008,1,1,3785,278893,116,easy,large
612928719185,1,1,3785,278893,116,easy,large
731251923967,1,1,7185,232912,107,easy,large
623700412408,1,1,2063,77808,243,easy,medium
329472701736,1,1,2063,77808,243,easy,medium
655442851351,1,1,4156,299662,449,easy,large
703586668030,1,1,4156,299662,449,easy,large
827701086617,1,1,642,65713,35,easy,medium
619174799183,1,1,642,65713,35,easy,medium
904238908888,1,1,642,65713,35,easy,medium
833846952202,1,1,642,65713,35,easy,medium
38024136375,1,1,2671,62557,173,easy,medium
871680425454,1,1,2671,62557,173,easy,medium
591399343469,1,1,2671,62557,173,easy,medium
622655643675,1,1,2671,62557,173,easy,medium
676305500203,1,1,2671,62557,173,easy,medium
730815756171,1,1,1118,147681,78,easy,large
968032133756,1,1,890,40112,242,easy,medium
857012001082,1,1,914,63882,35,easy,medium
627888688220,1,1,914,63882,35,easy,medium
422834859112,1,1,853,82677,30,easy,medium
424951281054,1,1,853,82677,30,easy,medium
348125401081,1,1,853,82677,30,easy,medium
213161590344,1,1,853,82677,30,easy,medium
721584949803,1,1,853,82677,30,easy,medium
864000062415,1,1,853,82677,30,easy,medium
880666042474,1,1,853,82677,30,easy,medium
734072953719,1,1,853,82677,30,easy,medium
993774509114,1,1,853,82677,30,easy,medium
90650127447,1,1,853,82677,30,easy,medium
361177244769,1,1,1142,102612,126,easy,large
154304387807,1,1,4044,166344,35,easy,large
33506985078,1,1,1711,34628,34,easy,medium
141133985937,1,1,1464,33640,92,easy,medium
977322491634,1,1,1464,33640,92,easy,medium
125683199024,1,1,1464,33640,92,easy,medium
924594756602,1,1,1464,33640,92,easy,medium
904562058207,1,1,1464,33640,92,easy,medium
837987361100,1,1,1464,33640,92,easy,medium
134296232550,1,1,1464,33640,92,easy,medium
721246055738,1,1,1464,33640,92,easy,medium
734946960293,1,1,1464,33640,92,easy,medium
784855860178,1,1,1464,33640,92,easy,medium
178104428619,1,1,1464,33640,92,easy,medium
743148673090,1,1,1464,33640,92,easy,medium
906108155094,1,1,1464,33640,92,easy,medium
466091970469,1,1,1464,33640,92,easy,medium
88366735346,1,1,1464,33640,92,easy,medium
996562536187,1,1,1464,33640,92,easy,medium
339104788355,1,1,1464,33640,92,easy,medium
890057982121,1,1,1464,33640,92,easy,medium
362431974993,1,1,1464,33640,92,easy,medium
883062358536,1,1,9222,9410,105,easy,small
454885510078,1,1,10694,102471,438,easy,large
988685113095,1,1,5794,87948,174,easy,medium
113404845952,1,1,2703,173254,170,easy,large
312634436266,1,1,2703,173254,170,easy,large
301670073212,1,1,741,70350,25,easy,medium
37039043957,1,1,741,70350,25,easy,medium
405700721828,1,1,741,70350,25,easy,medium
949225342305,1,1,741,70350,25,easy,medium
153290721917,1,1,741,70350,25,easy,medium
883129389234,1,1,741,70350,25,easy,medium
756572184188,1,1,741,70350,25,easy,medium
342860983928,1,1,741,70350,25,easy,medium
60581983439,1,1,741,70350,25,easy,medium
902847935678,1,1,741,70350,25,easy,medium
873289507412,1,1,741,70350,25,easy,medium
276757516142,1,1,741,70350,25,easy,medium
500531177582,1,1,741,70350,25,easy,medium
89582342552,1,1,741,70350,25,easy,medium
957613707230,1,1,741,70350,25,easy,medium
31104414942,1,1,1481,29513,62,easy,medium
804718277370,1,1,479,40945,36,easy,medium
115058474542,1,1,479,40945,36,easy,medium
315954384469,1,1,479,40945,36,easy,medium
447829790275,1,1,479,40945,36,easy,medium
456666028139,1,1,1624,122622,33,easy,large
476414880660,1,1,1624,122622,33,easy,large
314048431397,1,1,1624,122622,33,easy,large
752856441164,1,1,1624,122622,33,easy,large
567935925978,1,1,1624,122622,33,easy,large
615947221682,1,1,2888,67479,64,easy,medium
280871549101,1,1,827,64735,34,easy,medium
960908518071,1,1,827,64735,34,easy,medium
665287667407,1,1,827,64735,34,easy,medium
230582573383,1,1,827,64735,34,easy,medium
203339145749,1,1,827,64735,34,easy,medium
195875463519,1,1,827,64735,34,easy,medium
578982595950,1,1,827,64735,34,easy,medium
389771066107,1,1,827,64735,34,easy,medium
164866621823,1,1,827,64735,34,easy,medium
895445779696,1,1,827,64735,34,easy,medium
416185060925,1,1,827,64735,34,easy,medium
510255085246,1,1,827,64735,34,easy,medium
683978809180,1,1,827,64735,34,easy,medium
679116021620,1,1,827,64735,34,easy,medium
190169307042,1,1,827,64735,34,easy,medium
752593017322,1,1,827,64735,34,easy,medium
218450106522,1,1,827,64735,34,easy,medium
122070957868,1,1,827,64735,34,easy,medium
300349691517,1,1,827,64735,34,easy,medium
461180447561,1,1,827,64735,34,easy,medium
898592259142,1,1,827,64735,34,easy,medium
611223882805,1,1,827,64735,34,easy,medium
625741132951,1,1,827,64735,34,easy,medium
707880098889,1,1,827,64735,34,easy,medium
542594518977,1,1,827,64735,34,easy,medium
835881700458,1,1,827,64735,34,easy,medium
824837655726,1,1,827,64735,34,easy,medium
867915523079,1,1,1668,40010,80,easy,medium
287312112957,1,1,7902,478095,461,easy,large
483340042765,1,1,7902,478095,461,easy,large
184104402600,1,1,7902,478095,461,easy,large
734603544380,1,1,2071,53878,162,easy,medium
515119082223,1,1,2071,53878,162,easy,medium
765099915043,1,1,2071,53878,162,easy,medium
274437030729,1,1,2071,53878,162,easy,medium
948959488177,1,1,2071,53878,162,easy,medium
559162831901,1,1,2071,53878,162,easy,medium
507262020810,1,1,2071,53878,162,easy,medium
479397692370,1,1,2071,53878,162,easy,medium
436366465098,1,1,2071,53878,162,easy,medium
170551099120,1,1,2071,53878,162,easy,medium
239379983732,1,1,7980,207842,69,easy,large
7376742932,1,1,7980,207842,69,easy,large
26064677954,1,1,7980,207842,69,easy,large
610166884431,1,1,7980,207842,69,easy,large
824221792402,1,1,7980,207842,69,easy,large
979223995082,1,1,7980,207842,69,easy,large
976161070927,1,1,7980,207842,69,easy,large
238938177304,1,1,7980,207842,69,easy,large
137696305661,1,1,7980,207842,69,easy,large
54766963915,1,1,7980,207842,69,easy,large
959479366750,1,1,7980,207842,69,easy,large
672609076943,1,1,7980,207842,69,easy,large
809670489924,1,1,1495,25934,133,easy,medium
703558503922,1,1,1495,25934,133,easy,medium
219250483082,1,1,1495,25934,133,easy,medium
283771574796,1,1,1495,25934,133,easy,medium
654089349285,1,1,495,18891,47,easy,medium
762826378804,1,1,1265,42058,26,easy,medium
317036402986,1,1,1265,42058,26,easy,medium
27727737447,1,1,1265,42058,26,easy,medium
601783641769,1,1,1265,42058,26,easy,medium
791503251376,1,1,1265,42058,26,easy,medium
164166717957,1,1,1265,42058,26,easy,medium
209348163768,1,1,1265,42058,26,easy,medium
395518444046,1,1,1265,42058,26,easy,medium
300658663407,1,1,1348,321692,99,easy,large
120221953749,1,1,1348,321692,99,easy,large
630332587977,1,1,1348,321692,99,easy,large
811999205349,1,1,1348,321692,99,easy,large
990883415207,1,1,1348,321692,99,easy,large
12375070959,1,1,1348,321692,99,easy,large
167252335166,1,1,1348,321692,99,easy,large
409702885303,1,1,1348,321692,99,easy,large
203965744358,1,1,1348,321692,99,easy,large
372403500057,1,1,2426,441494,63,easy,large
42170627483,1,1,2426,441494,63,easy,large
479334250816,1,1,2426,441494,63,easy,large
325508748777,1,1,766,53317,26,easy,medium
850385692556,1,1,766,53317,26,easy,medium
576835630666,1,1,1286,64885,43,easy,medium
49472848586,1,1,1286,64885,43,easy,medium
910673739950,1,1,1286,64885,43,easy,medium
29257980436,1,1,242,10032,6,easy,medium
117796605389,1,1,1585,66187,20,easy,medium
886584727652,1,1,1585,66187,20,easy,medium
838393602727,1,1,438,125070,7,easy,large
131107658398,1,1,539,85981,28,easy,medium
530598542251,1,1,605,81375,26,easy,medium
172881523060,1,1,605,81375,26,easy,medium
83024680479,1,1,605,81375,26,easy,medium
95852485835,1,1,486,19298,28,easy,medium
190161517636,1,1,486,19298,28,easy,medium
401183688500,1,1,486,19298,28,easy,medium
124218415151,1,1,486,19298,28,easy,medium
298747295667,1,1,486,19298,28,easy,medium
691128606145,1,1,486,19298,28,easy,medium
879998518222,1,1,486,19298,28,easy,medium
293493941862,1,1,486,19298,28,easy,medium
672665822978,1,1,486,19298,28,easy,medium
884805918649,1,1,486,19298,28,easy,medium
325089916934,1,1,486,19298,28,easy,medium
966060305144,1,1,486,19298,28,easy,medium
146552689294,1,1,486,19298,28,easy,medium
143627738161,1,1,486,19298,28,easy,medium
806634099773,1,1,486,19298,28,easy,medium
849902994295,1,1,486,19298,28,easy,medium
485238724556,1,1,486,19298,28,easy,medium
434933580719,1,1,486,19298,28,easy,medium
976168814843,1,1,486,19298,28,easy,medium
833555383423,1,1,486,19298,28,easy,medium
446901941937,1,1,486,19298,28,easy,medium
842493241305,1,1,912,44075,106,easy,medium
21054225172,1,1,912,44075,106,easy,medium
186405798120,1,1,912,44075,106,easy,medium
911271203201,1,1,912,44075,106,easy,medium
616384029003,1,1,1259,726524,21,easy,large
598810736691,1,1,1259,726524,21,easy,large
922744907537,1,1,1259,726524,21,easy,large
249587136742,1,1,1259,726524,21,easy,large
18238994042,1,1,1259,726524,21,easy,large
807337690904,1,1,1259,726524,21,easy,large
261401508580,1,1,1259,726524,21,easy,large
215446707250,1,1,1259,726524,21,easy,large
77792755679,1,1,1259,726524,21,easy,large
54373966743,1,1,1259,726524,21,easy,large
35316595041,1,1,175,9743,8,easy,small
530425607472,1,1,175,9743,8,easy,small
107753764139,1,1,175,9743,8,easy,small
778418369842,1,1,175,9743,8,easy,small
567496080412,1,1,728,21764,28,easy,medium
329805229724,1,1,511,23614,79,easy,medium
416634263862,1,1,721,127793,36,easy,large
461819971080,1,1,2491,30692,66,easy,medium
442687046824,1,1,2491,30692,66,easy,medium
229316928753,1,1,2491,30692,66,easy,medium
489672636767,1,1,2491,30692,66,easy,medium
420089262511,1,1,2491,30692,66,easy,medium
35571962588,1,1,2491,30692,66,easy,medium
997882935345,1,1,2491,30692,66,easy,medium
791684313047,1,1,2491,30692,66,easy,medium
73925695856,1,1,2491,30692,66,easy,medium
547640584307,1,1,2491,30692,66,easy,medium
372317095679,1,1,2491,30692,66,easy,medium
563597886573,1,1,2491,30692,66,easy,medium
562085341840,1,1,2491,30692,66,easy,medium
823701492337,1,1,2491,30692,66,easy,medium
823672850127,1,1,2491,30692,66,easy,medium
335641628983,1,1,2491,30692,66,easy,medium
485062116099,1,1,2491,30692,66,easy,medium
665074721362,1,1,2491,30692,66,easy,medium
102729026392,1,1,2491,30692,66,easy,medium
553889074834,1,1,2491,30692,66,easy,medium
927552173488,1,1,2491,30692,66,easy,medium
435705564173,1,1,2491,30692,66,easy,medium
548379081725,1,1,2491,30692,66,easy,medium
370534903136,1,1,2531,81053,63,easy,medium
377849635108,1,1,2531,81053,63,easy,medium
531663900550,1,1,2531,81053,63,easy,medium
521808026958,1,1,2531,81053,63,easy,medium
531696116452,1,1,2531,81053,63,easy,medium
881098065430,1,1,2531,81053,63,easy,medium
975601041163,1,1,2531,81053,63,easy,medium
203539966931,1,1,2531,81053,63,easy,medium
390326301297,1,1,2531,81053,63,easy,medium
737380786636,1,1,2531,81053,63,easy,medium
524892982108,1,1,2531,81053,63,easy,medium
526181689064,1,1,1021,35287,30,easy,medium
809988552721,1,1,1011,57933,36,easy,medium
219463890678,1,1,716,50244,25,easy,medium
861987333005,1,1,1058,38743,20,easy,medium
673670786650,1,1,1058,38743,20,easy,medium
249819479680,1,1,1096,15427,40,easy,medium
160013424826,1,1,971,138509,41,easy,large
895272203029,1,1,971,138509,41,easy,large
922038930101,1,1,971,138509,41,easy,large
27785054052,1,1,971,138509,41,easy,large
731986363195,1,1,971,138509,41,easy,large
347639123651,1,1,971,138509,41,easy,large
579645189872,1,1,971,138509,41,easy,large
450800716651,1,1,436,59631,24,easy,medium
96377909446,1,1,436,59631,24,easy,medium
651033380113,1,1,436,59631,24,easy,medium
758742228984,1,1,436,59631,24,easy,medium
810423546133,1,1,436,59631,24,easy,medium
319760109779,1,1,436,59631,24,easy,medium
838386290601,1,1,436,59631,24,easy,medium
827456040353,1,1,436,59631,24,easy,medium
523598922540,1,1,1404,30772,111,easy,medium
432339821568,1,1,1404,30772,111,easy,medium
353945844563,1,1,857,34268,22,easy,medium
260077154096,1,1,857,34268,22,easy,medium
854418523194,1,1,431,16583,23,easy,medium
254112328020,1,1,198,5806,41,easy,small
173524980836,1,1,198,5806,41,easy,small
939549603391,1,1,198,5806,41,easy,small
514372628632,1,1,198,5806,41,easy,small
785366207525,1,1,198,5806,41,easy,small
731677227344,1,1,198,5806,41,easy,small
830929311396,1,1,198,5806,41,easy,small
133728812294,1,1,198,5806,41,easy,small
244949141056,1,1,198,5806,41,easy,small
151547044082,1,1,198,5806,41,easy,small
681966318271,1,1,1101,61456,41,easy,medium
432293585387,1,1,1637,10531,37,easy,medium
786449541166,1,1,746,1109601,9,easy,huge
930159867045,1,1,746,1109601,9,easy,huge
980577775873,1,1,746,1109601,9,easy,huge
547355197520,1,1,545,64079,59,easy,medium
615188380502,1,1,235,16678,14,easy,medium
203044651594,1,1,71,23662,16,easy,medium
402397190052,1,1,178,2485,8,easy,small
722989476529,1,1,427,538754,22,easy,large
519281069297,1,1,427,538754,22,easy,large
414271116318,1,1,230,26285,22,easy,medium
942497125468,1,1,560,70055,88,easy,medium
875798349729,1,1,405,55194,37,easy,medium
343616822280,1,1,405,55194,37,easy,medium
884710479881,1,1,405,55194,37,easy,medium
380509098637,1,1,405,55194,37,easy,medium
421933722424,1,1,405,55194,37,easy,medium
790659170151,1,1,184,9520,14,easy,small
879341243018,1,1,184,9520,14,easy,small
920866924059,1,1,184,9520,14,easy,small
830125785168,1,1,184,9520,14,easy,small
42427742358,1,1,184,9520,14,easy,small
103174421845,1,1,184,9520,14,easy,small
173529495030,1,1,4797,122794,128,easy,large
291944185739,1,1,5300,31920,144,easy,medium
802775811536,1,1,185,818946,33,easy,large
135757895111,1,1,185,818946,33,easy,large
172409570361,1,1,185,818946,33,easy,large
321687377148,1,1,140,26394,19,easy,medium
623160877236,1,1,140,26394,19,easy,medium
366312584498,1,1,2963,58089,17,easy,medium
563893294312,1,1,1692,96320,34,easy,medium
804769946527,1,1,1692,96320,34,easy,medium
723962538754,1,1,1692,96320,34,easy,medium
437910407439,1,1,268,23991,5,easy,medium
744222733865,1,1,268,23991,5,easy,medium
472663786750,1,1,321,3230,31,easy,small
992622303832,1,1,1491,17553,291,easy,medium
153054958748,1,1,9192,502313,277,easy,large
118865208997,1,1,1369,11603,190,easy,medium
360406191090,1,1,2032,314830,36,easy,large
386872121439,1,1,2032,314830,36,easy,large
700152561912,1,1,2032,314830,36,easy,large
836238854823,1,1,1532,109316,124,easy,large
607565471680,1,1,6630,65490,162,easy,medium
351193898173,1,1,11004,122031,139,easy,large
889155854283,1,1,946,31383,21,easy,medium
213774833340,1,1,18582,2500524,383,easy,huge
800571155403,1,1,18582,2500524,383,easy,huge
192252813353,1,1,18582,2500524,383,easy,huge
966765820113,1,1,3619,141740,132,easy,large
134972618836,1,1,3619,141740,132,easy,large
568411318840,1,1,3619,141740,132,easy,large
35906434848,1,1,6602,185825,139,easy,large
518818607442,1,1,1102,117952,136,easy,large
954815690511,1,1,1102,117952,136,easy,large
465954950719,1,1,3890,94087,159,easy,medium
601393915998,1,1,3890,94087,159,easy,medium
550413217582,1,1,1746,47275,21,easy,medium
385786619918,1,1,1320,196943,151,easy,large
964336776848,1,1,3622,47512,151,easy,medium
639184892295,1,1,3622,47512,151,easy,medium
783289052658,1,1,246,3157,33,easy,small
242047917745,1,1,4556,1354862,101,easy,huge
916307846393,1,1,4556,1354862,101,easy,huge
891134878759,1,1,4556,1354862,101,easy,huge
197238875522,1,1,4556,1354862,101,easy,huge
752285151573,1,1,4556,1354862,101,easy,huge
461318739825,1,1,4556,1354862,101,easy,huge
217512180114,1,1,4556,1354862,101,easy,huge
309271888361,1,1,4556,1354862,101,easy,huge
30535717363,1,1,4556,1354862,101,easy,huge
146020521474,1,1,4556,1354862,101,easy,huge
572331123926,1,1,4556,1354862,101,easy,huge
418892585292,1,1,4556,1354862,101,easy,huge
974692188592,1,1,4556,1354862,101,easy,huge
822938093687,1,1,4556,1354862,101,easy,huge
514749726947,1,1,4556,1354862,101,easy,huge
644837305430,1,1,194,37376,11,easy,medium
217723569344,1,1,4285,69643,73,easy,medium
240107024706,1,1,119,2947,21,easy,small
26340290741,1,1,413,26763,35,easy,medium
131781923267,1,1,453,5215,9,easy,small
721119277067,1,1,453,5215,9,easy,small
753347001855,1,1,4958,170970,301,easy,large
468583085338,1,1,4958,170970,301,easy,large
650348189654,1,1,4958,170970,301,easy,large
238131964336,1,1,997,19683,62,easy,medium
723936215149,1,1,997,19683,62,easy,medium
259932261229,1,1,997,19683,62,easy,medium
684591616730,1,1,997,19683,62,easy,medium
192421305001,1,1,997,19683,62,easy,medium
386170020294,1,1,997,19683,62,easy,medium
522196544727,1,1,997,19683,62,easy,medium
371824998441,1,1,997,19683,62,easy,medium
86811399170,1,1,997,19683,62,easy,medium
682265236254,1,1,997,19683,62,easy,medium
759986671741,1,1,997,19683,62,easy,medium
82032698342,1,1,997,19683,62,easy,medium
210429540231,1,1,997,19683,62,easy,medium
57230533443,1,1,997,19683,62,easy,medium
568854254076,1,1,5210,264430,96,easy,large
796804316249,1,1,1702,44178,39,easy,medium
583067528930,1,1,2936,79912,42,easy,medium
514092353053,1,1,2936,79912,42,easy,medium
764424643879,1,1,9196,140821,395,easy,large
22924018001,1,1,2279,88843,81,easy,medium
823245019634,1,1,5566,97211,198,easy,medium
319938361487,1,1,557,4956,27,easy,small
325155169493,1,1,1158,19817,62,easy,medium
281302116639,1,1,1905,38009,45,easy,medium
192045877951,1,1,2034,169502,165,easy,large
651031498269,1,1,2491,27167,118,easy,medium
141029803917,1,1,1464,90019,52,easy,medium
549980692765,1,1,1503,39290,11,easy,medium
591583863134,1,1,1503,39290,11,easy,medium
666809919240,1,1,1786,167905,132,easy,large
147694826881,1,1,1439,56239,70,easy,medium
236822274021,1,1,921,8333,55,easy,small
840746943170,1,1,2049,21002,166,easy,medium
533140668739,1,1,2051,12318,36,easy,medium
650394314545,1,1,311,1336,37,easy,small
943837085655,1,1,3813,180351,314,easy,large
96182708169,1,1,3813,180351,314,easy,large
458326496157,1,1,4557,41145,25,easy,medium
367291325779,1,1,583,101433,24,easy,large
418296772343,1,1,21030,308816,411,easy,large
243576661689,1,1,21030,308816,411,easy,large
811202524573,1,1,5628,142108,347,easy,large
215066829348,1,1,3143,71362,269,easy,medium
125568505545,1,1,3143,71362,269,easy,medium
905315420924,1,1,7734,53618,93,easy,medium
646490606670,1,1,7734,53618,93,easy,medium
561510544031,1,1,7734,53618,93,easy,medium
816887593709,1,1,7734,53618,93,easy,medium
187746171887,1,1,7734,53618,93,easy,medium
133307714409,1,1,7734,53618,93,easy,medium
482698034480,1,1,7734,53618,93,easy,medium
725873159889,1,1,7734,53618,93,easy,medium
762584756954,1,1,7734,53618,93,easy,medium
847142063317,1,1,937,77270,61,easy,medium
212146475816,1,1,2193,25997,137,easy,medium
516521513835,1,1,733,6065,72,easy,small
202587321267,1,1,897,18763,154,easy,medium
968497987226,1,1,8141,499166,258,easy,large
446130660579,1,1,1818,154377,113,easy,large
876499853735,1,1,3000,42629,89,easy,medium
4734101411,1,1,3000,42629,89,easy,medium
914404621863,1,1,3000,42629,89,easy,medium
260153519765,1,1,3000,42629,89,easy,medium
263056810,1,1,3000,42629,89,easy,medium
550198980616,1,1,3000,42629,89,easy,medium
891933334155,1,1,3000,42629,89,easy,medium
110996792085,1,1,3000,42629,89,easy,medium
873469532425,1,1,3000,42629,89,easy,medium
817396357249,1,1,11910,376154,217,easy,large
797517867029,1,1,11910,376154,217,easy,large
479410264696,1,1,11910,376154,217,easy,large
735879312643,1,1,1765,59824,205,easy,medium
478587514026,1,1,1765,59824,205,easy,medium
997967155543,1,1,1765,59824,205,easy,medium
807318569422,1,1,1765,59824,205,easy,medium
44880586067,1,1,2799,24602,61,easy,medium
660673792076,1,1,7847,130612,425,easy,large
413716776851,1,1,7847,130612,425,easy,large
503065687569,1,1,7847,130612,425,easy,large
133313355306,1,1,7847,130612,425,easy,large
499168659155,1,1,7847,130612,425,easy,large
69396474219,1,1,16246,227062,388,easy,large
200212032116,1,1,2115,42575,92,easy,medium
849927950896,1,1,1517,14083,164,easy,medium
508871921283,1,1,3125,59685,54,easy,medium
343110230457,1,1,3125,59685,54,easy,medium
796457589760,1,1,3125,59685,54,easy,medium
763264056063,1,1,8644,330634,158,easy,large
825096066117,1,1,946,6073,55,easy,small
805716461390,1,1,17585,460177,407,easy,large
771004254706,1,1,12105,118350,127,easy,large
936318616705,1,1,12105,118350,127,easy,large
431773585660,1,1,658,13649,65,easy,medium
947550465599,1,1,2047,227606,180,easy,large
15863986603,1,1,2047,227606,180,easy,large
547965125010,1,1,2047,227606,180,easy,large
596830707697,1,1,2047,227606,180,easy,large
918940445022,1,1,2047,227606,180,easy,large
400273830246,1,1,2047,227606,180,easy,large
103656426411,1,1,2047,227606,180,easy,large
85667584588,1,1,236,91126,45,easy,medium
517858651642,1,1,1322,67245,45,easy,medium
270531882597,1,1,1322,67245,45,easy,medium
911949672703,1,1,1322,67245,45,easy,medium
912411629049,1,1,1322,67245,45,easy,medium
465318928594,1,1,1322,67245,45,easy,medium
763860795803,1,1,9242,40452,106,easy,medium
508156539537,1,1,9242,40452,106,easy,medium
112177815245,1,1,1037,39797,168,easy,medium
412536199125,1,1,1037,39797,168,easy,medium
715977394123,1,1,912,13648,18,easy,medium
652758502101,1,1,912,13648,18,easy,medium
584324522753,1,1,912,13648,18,easy,medium
397354368781,1,1,912,13648,18,easy,medium
206178492825,1,1,12162,372987,65,easy,large
702101775125,1,1,12162,372987,65,easy,large
126300906186,1,1,12162,372987,65,easy,large
449657747662,1,1,12162,372987,65,easy,large
25148798218,1,1,12162,372987,65,easy,large
820296913979,1,1,12162,372987,65,easy,large
614017873084,1,1,1413,11897,39,easy,medium
617717979505,1,1,1413,11897,39,easy,medium
782749733671,1,1,2288,407946,26,easy,large
813398965891,1,1,3109,77407,234,easy,medium
535119848597,1,1,6347,69964,115,easy,medium
709336697116,1,1,631,411187,29,easy,large
991745253470,1,1,631,411187,29,easy,large
941584581478,1,1,631,411187,29,easy,large
51348011552,1,1,878,12049,69,easy,medium
513400050034,1,1,1579,208675,249,easy,large
824009676482,1,1,1579,208675,249,easy,large
214538838340,1,1,1579,208675,249,easy,large
484344949470,1,1,1579,208675,249,easy,large
261277312749,1,1,1579,208675,249,easy,large
264808497400,1,1,1579,208675,249,easy,large
821431460006,1,1,1579,208675,249,easy,large
887364641960,1,1,1579,208675,249,easy,large
714623862778,1,1,1579,208675,249,easy,large
33086999729,1,1,1579,208675,249,easy,large
142967274267,1,1,1579,208675,249,easy,large
112937595172,1,1,1579,208675,249,easy,large
187891328019,1,1,1579,208675,249,easy,large
974016557855,1,1,1579,208675,249,easy,large
607976624665,1,1,1579,208675,249,easy,large
260555716717,1,1,1579,208675,249,easy,large
417824273016,1,1,1579,208675,249,easy,large
503416941185,1,1,1579,208675,249,easy,large
810893186987,1,1,1579,208675,249,easy,large
203345343503,1,1,1579,208675,249,easy,large
27393818973,1,1,1579,208675,249,easy,large
240343331150,1,1,1579,208675,249,easy,large
657549377257,1,1,1579,208675,249,easy,large
163540612069,1,1,1579,208675,249,easy,large
154286321760,1,1,1579,208675,249,easy,large
23441962954,1,1,824,35470,100,easy,medium
70914489925,1,1,233,5284,28,easy,small
891369168625,1,1,586,24799,77,easy,medium
314074712614,1,1,586,24799,77,easy,medium
187937374571,1,1,586,24799,77,easy,medium
423655695481,1,1,1548,129913,57,easy,large
91318994359,1,1,1548,129913,57,easy,large
788349212379,1,1,1548,129913,57,easy,large
627388397122,1,1,1548,129913,57,easy,large
922452804875,1,1,1548,129913,57,easy,large
941579677998,1,1,2267,1811031,97,easy,huge
767230921903,1,1,964,21821,97,easy,medium
600880124335,1,1,3174,293382,120,easy,large
124416110103,1,1,68,10789,6,easy,medium
737333157458,1,1,2189,120917,25,easy,large
576741059085,1,1,2189,120917,25,easy,large
535354647515,1,1,2189,120917,25,easy,large
708880732959,1,1,2189,120917,25,easy,large
573684811854,1,1,2189,120917,25,easy,large
331488992483,1,1,2189,120917,25,easy,large
633184245381,1,1,393,32202,48,easy,medium
475989492637,1,1,393,32202,48,easy,medium
209239030848,1,1,1713,70617,167,easy,medium
439186355977,1,1,1713,70617,167,easy,medium
431213158576,1,1,1713,70617,167,easy,medium
50897849942,1,1,1713,70617,167,easy,medium
311402469628,1,1,1713,70617,167,easy,medium
389661444643,1,1,1713,70617,167,easy,medium
466328562579,1,1,1713,70617,167,easy,medium
535144797436,1,1,1713,70617,167,easy,medium
682534940583,1,1,1713,70617,167,easy,medium
219666136048,1,1,1713,70617,167,easy,medium
749744302881,1,1,1713,70617,167,easy,medium
165509720786,1,1,1713,70617,167,easy,medium
192309345947,1,1,1713,70617,167,easy,medium
114626546336,1,1,1713,70617,167,easy,medium
226178045523,1,1,1713,70617,167,easy,medium
830565339789,1,1,1713,70617,167,easy,medium
878269694631,1,1,1713,70617,167,easy,medium
842034616440,1,1,1713,70617,167,easy,medium
403639451004,1,1,1713,70617,167,easy,medium
195941536019,1,1,1713,70617,167,easy,medium
735231114446,1,1,1713,70617,167,easy,medium
454113775454,1,1,1713,70617,167,easy,medium
481814773416,1,1,1713,70617,167,easy,medium
538486264503,1,1,1713,70617,167,easy,medium
247272567499,1,1,1713,70617,167,easy,medium
855867659449,1,1,1713,70617,167,easy,medium
253490677441,1,1,1713,70617,167,easy,medium
722004022430,1,1,1713,70617,167,easy,medium
378025367584,1,1,1713,70617,167,easy,medium
194362783509,1,1,1713,70617,167,easy,medium
726275862839,1,1,1713,70617,167,easy,medium
762881788030,1,1,1713,70617,167,easy,medium
419490502071,1,1,1713,70617,167,easy,medium
477874713980,1,1,1713,70617,167,easy,medium
495583195657,1,1,1713,70617,167,easy,medium
33643660825,1,1,1713,70617,167,easy,medium
548683854532,1,1,1713,70617,167,easy,medium
281671765778,1,1,1713,70617,167,easy,medium
934562386198,1,1,1713,70617,167,easy,medium
27198332737,1,1,1713,70617,167,easy,medium
746357540422,1,1,1713,70617,167,easy,medium
91018899649,1,1,1713,70617,167,easy,medium
734732719100,1,1,1713,70617,167,easy,medium
453683683380,1,1,1713,70617,167,easy,medium
898448856329,1,1,1713,70617,167,easy,medium
784218907795,1,1,6890,1150257,472,easy,huge
846237170206,1,1,2232,24946,45,easy,medium
964581034856,1,1,2545,42619,191,easy,medium
469909380120,1,1,308,27071,34,easy,medium
61041753522,1,1,4099,34955,319,easy,medium
415774755217,1,1,4099,34955,319,easy,medium
939240923914,1,1,4099,34955,319,easy,medium
425480502470,1,1,4099,34955,319,easy,medium
41736855244,1,1,4099,34955,319,easy,medium
6478396692,1,1,4099,34955,319,easy,medium
323712641999,1,1,4099,34955,319,easy,medium
624959477248,1,1,754,28169,57,easy,medium
199378705901,1,1,661,49269,39,easy,medium
585060698898,1,1,661,49269,39,easy,medium
729308365032,1,1,661,49269,39,easy,medium
318891865679,1,1,170,6226,8,easy,small
416581719268,1,1,372,27522,7,easy,medium
432139416527,1,1,372,27522,7,easy,medium
855922812860,1,1,399,1624877,5,easy,huge
331306179534,1,1,399,1624877,5,easy,huge
247982737361,1,1,1851,56038,30,easy,medium
65387531591,1,1,1851,56038,30,easy,medium
163902326387,1,1,395,120202,47,easy,large
118214162527,1,1,395,120202,47,easy,large
296110151635,1,1,395,120202,47,easy,large
996623769158,1,1,125,9612,13,easy,small
43632899249,1,1,125,9612,13,easy,small
450107687420,1,1,937,138646,187,easy,large
372124824276,1,1,937,138646,187,easy,large
107501480065,1,1,937,138646,187,easy,large
789511319434,1,1,937,138646,187,easy,large
633246057513,1,1,937,138646,187,easy,large
548130612998,1,1,937,138646,187,easy,large
231040798896,1,1,739,46120,37,easy,medium
798461765231,1,1,739,46120,37,easy,medium
75993936378,1,1,739,46120,37,easy,medium
794201769403,1,1,460,22199,11,easy,medium
414708677549,1,1,460,22199,11,easy,medium
19601435012,1,1,460,22199,11,easy,medium
630347717090,1,1,460,22199,11,easy,medium
451551310546,1,1,460,22199,11,easy,medium
476385741225,1,1,460,22199,11,easy,medium
635140062575,1,1,460,22199,11,easy,medium
715387514560,1,1,460,22199,11,easy,medium
295467569875,1,1,460,22199,11,easy,medium
9642666906,1,1,130,2163753,17,easy,huge
561207007866,1,1,729,13701,22,easy,medium
933396705737,1,1,178,10283,29,easy,medium
919340316964,1,1,987,15754,27,easy,medium
119788043391,1,1,987,15754,27,easy,medium
959948679826,1,1,987,15754,27,easy,medium
673559769890,1,1,987,15754,27,easy,medium
127696746793,1,1,1318,95675,16,easy,medium
105038906426,1,1,1318,95675,16,easy,medium
588151195551,1,1,248,146868,10,easy,large
288458015299,1,1,297,34777,10,easy,medium
402805974221,1,1,297,34777,10,easy,medium
540082067762,1,1,182,4559,20,easy,small
689359574943,1,1,4434,56490,158,easy,medium
615959405420,1,1,1211,22312,26,easy,medium
813398586551,1,1,496,9840,12,easy,small
786439158741,1,1,496,9840,12,easy,small
312313755004,1,1,496,9840,12,easy,small
640504300320,1,1,496,9840,12,easy,small
490962745244,1,1,496,9840,12,easy,small
420682039538,1,1,670,12895,13,easy,medium
101855817435,1,1,1141,96721,18,easy,medium
522337971381,1,1,1141,96721,18,easy,medium
593354832744,1,1,621,5787,16,easy,small
339220764754,2,3,2051,30277,24,hard,medium
531850075449,3,3,3249,93562,51,hard,medium
883067272382,2,2,3249,93562,51,hard,medium
504564843184,2,2,3249,93562,51,hard,medium
181495264632,2,2,2594,288353,76,hard,large
307416445107,2,6,55,3456,12,hard,small
274346483862,3,7,4122,272515,295,hard,large
817039103073,2,11,365,23153,57,hard,medium
850065405582,2,2,2583,95351,63,hard,medium
703176684652,2,5,2583,95351,63,hard,medium
156850059734,4,4,2583,95351,63,hard,medium
542594122866,3,3,2583,95351,63,hard,medium
613841129507,2,2,2583,95351,63,hard,medium
864915051134,2,4,2583,95351,63,hard,medium
493742700267,2,2,2583,95351,63,hard,medium
48141443196,3,6,2583,95351,63,hard,medium
480010341600,2,4,804,53102,86,hard,medium
816040356179,2,2,19796,1241373,436,hard,huge
184959060655,2,5,19796,1241373,436,hard,huge
547094754328,2,3,19796,1241373,436,hard,huge
269602862582,5,11,19796,1241373,436,hard,huge
304231110873,2,8,19796,1241373,436,hard,huge
428709047342,2,2,19796,1241373,436,hard,huge
918843417252,2,5,19796,1241373,436,hard,huge
411830882523,2,5,19796,1241373,436,hard,huge
246442576932,3,12,19796,1241373,436,hard,huge
625026006146,2,6,19796,1241373,436,hard,huge
349315126282,2,4,13258,953154,401,hard,large
968972134624,2,8,13258,953154,401,hard,large
69807437777,5,26,13258,953154,401,hard,large
938525112707,3,4,13258,953154,401,hard,large
271644581749,5,5,13258,953154,401,hard,large
499864541374,4,8,6702,301264,77,hard,large
46568911574,8,20,7136,245677,302,hard,large
968687634347,2,3,7136,245677,302,hard,large
325759721270,6,8,7136,245677,302,hard,large
983415352415,6,10,3169,160539,7,hard,large
455772261100,2,2,2397,30780,114,hard,medium
687752280743,2,3,22973,322192,396,hard,large
84045235432,2,3,5716,491328,197,hard,large
198338418271,3,3,5716,491328,197,hard,large
904960845891,2,5,5716,491328,197,hard,large
440653388445,2,3,5716,491328,197,hard,large
78890468565,5,17,5716,491328,197,hard,large
120506932938,3,7,5716,491328,197,hard,large
334602748285,3,5,5716,491328,197,hard,large
837895294930,3,9,5716,491328,197,hard,large
223868938267,2,6,5716,491328,197,hard,large
858315983592,2,2,5716,491328,197,hard,large
173479270170,2,3,5716,491328,197,hard,large
740269697209,2,4,5716,491328,197,hard,large
320168017090,5,5,5716,491328,197,hard,large
498621285432,2,7,5716,491328,197,hard,large
569349300917,2,6,5716,491328,197,hard,large
351464497827,2,7,5716,491328,197,hard,large
905126134507,3,6,5716,491328,197,hard,large
300283092576,3,6,5716,491328,197,hard,large
194262099708,5,25,5716,491328,197,hard,large
995639086955,2,7,5716,491328,197,hard,large
554391710637,2,5,5716,491328,197,hard,large
892989537637,2,15,5716,491328,197,hard,large
313340852816,3,5,5716,491328,197,hard,large
139754256322,6,14,5716,491328,197,hard,large
710066445413,10,15,5716,491328,197,hard,large
985737909708,2,2,5716,491328,197,hard,large
991695050473,2,3,5716,491328,197,hard,large
697627504133,3,7,5716,491328,197,hard,large
150034037300,3,5,5716,491328,197,hard,large
692349322597,2,5,5716,491328,197,hard,large
536278679249,2,3,5716,491328,197,hard,large
712459617846,2,2,5716,491328,197,hard,large
330249272931,3,4,2667,200907,361,hard,large
463396529884,2,2,2667,200907,361,hard,large
344645272640,2,4,2667,200907,361,hard,large
535185638595,2,2,2667,200907,361,hard,large
966173677419,2,2,2667,200907,361,hard,large
469562059563,2,2,2667,200907,361,hard,large
982813432754,3,8,11787,254222,277,hard,large
793362714398,6,7,11000,325846,299,hard,large
97321414157,2,2,2324,131201,105,hard,large
165342132729,2,2,2324,131201,105,hard,large
323079516824,2,4,3844,238734,187,hard,large
335674275872,3,4,3844,238734,187,hard,large
917426426510,2,2,1814,48290,348,hard,medium
546907284725,2,2,2699,62511,124,hard,medium
230975890340,3,4,1424,158243,140,hard,large
301718436761,2,3,1424,158243,140,hard,large
41150938572,2,3,235,63364,24,hard,medium
644441486423,2,4,235,63364,24,hard,medium
301020949221,2,2,235,63364,24,hard,medium
374380365949,2,2,235,63364,24,hard,medium
415594161838,8,27,235,63364,24,hard,medium
355409031868,3,6,235,63364,24,hard,medium
961702553023,2,2,235,63364,24,hard,medium
192668479653,3,3,235,63364,24,hard,medium
977277078602,2,5,2902,344176,154,hard,large
812977273700,2,6,2902,344176,154,hard,large
769844506256,2,6,2902,344176,154,hard,large
714792174104,3,14,948,21514,52,hard,medium
327844608780,10,10,1122,138034,73,hard,large
197006748592,2,17,572,65696,42,hard,medium
244616072462,6,17,3156,302421,180,hard,large
660646869817,6,12,3156,302421,180,hard,large
699354904206,2,2,3156,302421,180,hard,large
482981666910,3,6,3156,302421,180,hard,large
865573084915,2,5,3156,302421,180,hard,large
177766799841,3,3,3156,302421,180,hard,large
555381121741,2,15,489,7398,14,hard,small
947874483682,2,5,3202,214622,142,hard,large
195934850813,3,13,3202,214622,142,hard,large
575884605337,2,2,3202,214622,142,hard,large
936753285532,2,2,3202,214622,142,hard,large
875863749916,2,3,3202,214622,142,hard,large
991820684590,2,2,3202,214622,142,hard,large
492978147465,3,3,3202,214622,142,hard,large
187092660972,2,2,3202,214622,142,hard,large
317394731630,3,25,3202,214622,142,hard,large
141616630456,3,4,3202,214622,142,hard,large
800292309099,4,5,3202,214622,142,hard,large
128880763285,8,16,3202,214622,142,hard,large
922593081539,2,5,3202,214622,142,hard,large
435697389454,2,3,3202,214622,142,hard,large
702767743805,2,5,3202,214622,142,hard,large
294548097682,5,11,3202,214622,142,hard,large
748358347750,2,7,3202,214622,142,hard,large
966387955755,3,3,3202,214622,142,hard,large
844844141099,3,3,3202,214622,142,hard,large
948492205062,2,2,2226,37352,14,hard,medium
711174513486,2,5,2226,37352,14,hard,medium
472873765214,2,6,1642,41881,12,hard,medium
573867757066,4,4,817,7932,29,hard,small
437518466155,2,2,1494,17605,68,hard,medium
179503381175,3,6,1494,17605,68,hard,medium
786124670697,2,6,1494,17605,68,hard,medium
837906711751,2,2,1494,17605,68,hard,medium
102813106132,7,18,1494,17605,68,hard,medium
312796747036,4,7,461,18638,60,hard,medium
574170807611,2,3,3785,278893,116,hard,large
391657415835,2,6,3785,278893,116,hard,large
902688526430,4,4,3785,278893,116,hard,large
753421563487,2,2,7185,232912,107,hard,large
666955903726,2,3,2063,77808,243,hard,medium
521830699022,2,4,2063,77808,243,hard,medium
175653437254,2,2,4156,299662,449,hard,large
645466972317,2,3,4156,299662,449,hard,large
484078980058,2,6,4156,299662,449,hard,large
759480577751,2,5,4156,299662,449,hard,large
343704493553,2,5,4156,299662,449,hard,large
666983660830,2,2,642,65713,35,hard,medium
863458841911,6,8,642,65713,35,hard,medium
838757145915,3,6,642,65713,35,hard,medium
557765626847,2,4,2671,62557,173,hard,medium
951329832873,2,3,2671,62557,173,hard,medium
349723982220,2,7,2671,62557,173,hard,medium
136304482098,3,3,2671,62557,173,hard,medium
704376513232,2,3,2671,62557,173,hard,medium
13222601357,2,2,2671,62557,173,hard,medium
833417936828,2,2,2671,62557,173,hard,medium
573338555731,3,3,1118,147681,78,hard,large
735341233792,6,6,890,40112,242,hard,medium
517899874303,8,39,890,40112,242,hard,medium
513444388875,6,14,890,40112,242,hard,medium
265601474334,2,2,914,63882,35,hard,medium
163911988319,11,14,914,63882,35,hard,medium
598265660827,6,7,914,63882,35,hard,medium
20026615903,2,2,853,82677,30,hard,medium
445394949437,2,2,853,82677,30,hard,medium
647710087674,3,3,853,82677,30,hard,medium
486405002518,2,2,720,20691,13,hard,medium
73567426006,2,11,1711,34628,34,hard,medium
851976000694,3,3,1464,33640,92,hard,medium
812018592255,2,5,1464,33640,92,hard,medium
927346118635,5,14,1464,33640,92,hard,medium
76486984243,2,3,1464,33640,92,hard,medium
848709009759,5,7,1464,33640,92,hard,medium
867907731861,8,9,1464,33640,92,hard,medium
941394185344,6,7,1464,33640,92,hard,medium
4886326609,3,3,1464,33640,92,hard,medium
936455278776,6,16,1464,33640,92,hard,medium
725621805577,3,4,1464,33640,92,hard,medium
873505535852,2,3,1464,33640,92,hard,medium
73124572963,3,8,1464,33640,92,hard,medium
725321613126,2,3,1464,33640,92,hard,medium
625914547298,4,8,1464,33640,92,hard,medium
475397973463,2,3,1464,33640,92,hard,medium
735350018961,5,24,1464,33640,92,hard,medium
438987608117,3,8,1464,33640,92,hard,medium
637076674869,4,12,1464,33640,92,hard,medium
444606339331,3,7,1464,33640,92,hard,medium
111549708192,2,3,1464,33640,92,hard,medium
142620987897,2,2,1464,33640,92,hard,medium
238292551428,3,5,5794,87948,174,hard,medium
623723613625,2,4,5794,87948,174,hard,medium
623278647997,3,7,5794,87948,174,hard,medium
178749626246,4,7,5794,87948,174,hard,medium
710570432,2,5,741,70350,25,hard,medium
492094294886,8,19,741,70350,25,hard,medium
785333376567,2,3,741,70350,25,hard,medium
630710949027,4,22,479,40945,36,hard,medium
176150554916,5,6,1624,122622,33,hard,large
113576311960,4,22,1624,122622,33,hard,large
499943315171,9,10,1624,122622,33,hard,large
865385639220,5,18,1624,122622,33,hard,large
238490144194,2,3,1624,122622,33,hard,large
612557990181,2,2,1624,122622,33,hard,large
181177854343,2,10,1624,122622,33,hard,large
18238461500,2,2,1624,122622,33,hard,large
712221341835,12,27,2888,67479,64,hard,medium
235604859102,4,16,2888,67479,64,hard,medium
493193730735,2,3,827,64735,34,hard,medium
502205418707,2,7,827,64735,34,hard,medium
767144623221,3,3,827,64735,34,hard,medium
328365962760,7,10,827,64735,34,hard,medium
663221431289,3,16,827,64735,34,hard,medium
807360726924,4,25,827,64735,34,hard,medium
504386040040,2,2,827,64735,34,hard,medium
134797539444,5,20,827,64735,34,hard,medium
143142204719,2,3,827,64735,34,hard,medium
724173441755,5,20,827,64735,34,hard,medium
494395222862,2,19,827,64735,34,hard,medium
896303410886,3,5,827,64735,34,hard,medium
39763624666,2,2,827,64735,34,hard,medium
291397458124,2,2,827,64735,34,hard,medium
71915037047,3,9,827,64735,34,hard,medium
813510174280,2,3,1668,40010,80,hard,medium
999537529609,2,2,1142,155295,21,hard,large
128300989248,2,2,1370,41275,25,hard,medium
398726730431,3,8,7902,478095,461,hard,large
753991249289,3,4,7902,478095,461,hard,large
184491340872,2,10,7902,478095,461,hard,large
508212420122,2,2,899,57369,63,hard,medium
501663061875,2,7,2071,53878,162,hard,medium
575333688393,2,2,2071,53878,162,hard,medium
780437351483,2,3,2071,53878,162,hard,medium
701715138159,2,4,2071,53878,162,hard,medium
406763445616,4,4,2071,53878,162,hard,medium
81878376947,3,13,2071,53878,162,hard,medium
972817062634,6,15,2071,53878,162,hard,medium
935544991465,3,3,2071,53878,162,hard,medium
458341820231,3,4,2071,53878,162,hard,medium
29794561326,4,5,7980,207842,69,hard,large
794687372331,2,2,1495,25934,133,hard,medium
460745724041,7,28,1495,25934,133,hard,medium
475948833413,2,2,1495,25934,133,hard,medium
538187502480,2,2,1495,25934,133,hard,medium
218091418381,5,10,1495,25934,133,hard,medium
479078079729,2,2,1265,42058,26,hard,medium
264894168422,9,28,1265,42058,26,hard,medium
595433270831,5,11,1265,42058,26,hard,medium
97736926639,4,7,1265,42058,26,hard,medium
880678931366,6,9,1265,42058,26,hard,medium
744193236719,7,7,1265,42058,26,hard,medium
801227441719,6,7,1348,321692,99,hard,large
93141973279,2,2,1348,321692,99,hard,large
309870345904,3,8,1348,321692,99,hard,large
201978444356,2,2,1348,321692,99,hard,large
155467931302,3,3,2426,441494,63,hard,large
745436522245,5,11,167,1826,15,hard,small
568479682430,2,6,1286,64885,43,hard,medium
812562829138,2,6,1286,64885,43,hard,medium
581157258008,3,3,242,10032,6,hard,medium
516051871211,4,12,242,10032,6,hard,medium
511196211160,4,9,409,17766,22,hard,medium
923952906245,2,4,496,5690,28,hard,small
62583018238,2,4,88,2767,12,hard,small
410605346534,3,7,605,81375,26,hard,medium
235143484229,2,3,605,81375,26,hard,medium
105857803793,2,4,486,19298,28,hard,medium
246231571483,2,3,486,19298,28,hard,medium
88771779300,2,4,486,19298,28,hard,medium
185122201628,8,18,486,19298,28,hard,medium
398778196895,3,4,486,19298,28,hard,medium
150759969909,2,2,486,19298,28,hard,medium
39531423584,2,5,486,19298,28,hard,medium
218153196227,8,9,486,19298,28,hard,medium
97414753272,2,2,486,19298,28,hard,medium
59114922611,4,6,486,19298,28,hard,medium
594973085150,3,4,486,19298,28,hard,medium
900111114273,7,15,486,19298,28,hard,medium
519680728963,2,3,486,19298,28,hard,medium
488112880526,3,3,486,19298,28,hard,medium
795115689640,2,5,486,19298,28,hard,medium
167753101075,2,2,486,19298,28,hard,medium
900001676680,3,3,912,44075,106,hard,medium
905153760554,2,3,912,44075,106,hard,medium
813848322160,5,7,912,44075,106,hard,medium
378868780282,2,2,912,44075,106,hard,medium
788216460043,3,5,912,44075,106,hard,medium
962820105966,2,4,912,44075,106,hard,medium
469334552230,2,16,912,44075,106,hard,medium
395695899302,2,3,912,44075,106,hard,medium
769108926496,2,10,1259,726524,21,hard,large
730614123309,2,10,1259,726524,21,hard,large
566098099561,5,9,1259,726524,21,hard,large
764566398366,2,2,1259,726524,21,hard,large
897976472360,3,6,1259,726524,21,hard,large
289830531066,3,8,1259,726524,21,hard,large
530646676890,2,6,700,10741,39,hard,medium
676178025892,2,4,511,23614,79,hard,medium
505759375625,2,4,721,127793,36,hard,large
905579464655,5,9,721,127793,36,hard,large
648527230445,2,2,2491,30692,66,hard,medium
555769488903,2,2,2491,30692,66,hard,medium
46282597280,3,5,2491,30692,66,hard,medium
981139325675,4,16,2491,30692,66,hard,medium
650744877166,2,2,2491,30692,66,hard,medium
886830352949,2,4,2491,30692,66,hard,medium
72456172364,2,6,2491,30692,66,hard,medium
536304816897,5,6,2491,30692,66,hard,medium
508630874783,6,11,2491,30692,66,hard,medium
760531777836,14,23,2491,30692,66,hard,medium
541544326408,3,3,2491,30692,66,hard,medium
982308398779,15,24,2491,30692,66,hard,medium
881238724030,2,4,2491,30692,66,hard,medium
706855645742,2,3,2491,30692,66,hard,medium
543694637018,5,6,2491,30692,66,hard,medium
93075495244,2,2,2531,81053,63,hard,medium
306886657625,5,13,2531,81053,63,hard,medium
156891706841,6,9,1332,81975,22,hard,medium
831481074061,6,12,1332,81975,22,hard,medium
853894369870,5,9,1332,81975,22,hard,medium
373785372782,4,5,1021,35287,30,hard,medium
293257957212,3,7,338,19151,6,hard,medium
902941653386,4,7,861,44329,21,hard,medium
785702586019,5,21,861,44329,21,hard,medium
511792340628,5,15,861,44329,21,hard,medium
66806366616,2,4,716,50244,25,hard,medium
139406595292,2,3,716,50244,25,hard,medium
851165947685,2,2,1058,38743,20,hard,medium
630196795468,3,7,1058,38743,20,hard,medium
283345365426,3,7,1058,38743,20,hard,medium
952993521396,2,2,1058,38743,20,hard,medium
360077482871,3,4,971,138509,41,hard,large
322278514313,2,7,971,138509,41,hard,large
526012981031,4,7,436,59631,24,hard,medium
488714720694,2,2,1404,30772,111,hard,medium
222675810833,3,5,857,34268,22,hard,medium
510444017991,2,4,1088,9137,9,hard,small
359386108113,2,3,1088,9137,9,hard,small
443254717292,2,3,1088,9137,9,hard,small
74343481119,2,3,1088,9137,9,hard,small
911766458251,3,4,198,5806,41,hard,small
731412667487,3,3,198,5806,41,hard,small
757793917295,2,2,1101,61456,41,hard,medium
22342523083,3,23,59,129307,12,hard,large
328127072859,3,4,235,16678,14,hard,medium
704064103392,4,10,178,2485,8,hard,small
260816206509,3,15,178,2485,8,hard,small
644391574614,2,4,427,538754,22,hard,large
71222375962,7,32,230,26285,22,hard,medium
961131922125,3,4,405,55194,37,hard,medium
973399694447,3,5,405,55194,37,hard,medium
654399575579,3,6,184,9520,14,hard,small
225963265278,9,15,184,9520,14,hard,small
635498437105,3,8,184,9520,14,hard,small
729233012157,3,9,184,9520,14,hard,small
90998825390,9,18,184,9520,14,hard,small
939726392597,9,14,184,9520,14,hard,small
647481967500,2,4,184,9520,14,hard,small
247671127480,9,16,184,9520,14,hard,small
320623030886,2,3,289,9005,15,hard,small
887454276560,3,3,2963,58089,17,hard,medium
220102821649,2,2,1692,96320,34,hard,medium
225336541252,3,3,4016,73095,180,hard,medium
321367039584,5,13,4016,73095,180,hard,medium
886040393559,2,2,16311,253223,306,hard,large
19494670087,2,4,16311,253223,306,hard,large
678159727248,4,14,2032,314830,36,hard,large
917400521348,3,3,3487,394617,17,hard,large
256863197619,2,2,18582,2500524,383,hard,huge
374395068013,2,2,18582,2500524,383,hard,huge
393294903439,2,3,3619,141740,132,hard,large
552143295550,4,7,6602,185825,139,hard,large
131898172532,2,3,6602,185825,139,hard,large
912215921409,2,2,6602,185825,139,hard,large
6184185624,8,12,6602,185825,139,hard,large
863561404612,2,2,6602,185825,139,hard,large
708664933281,9,17,1102,117952,136,hard,large
272340717131,2,3,1320,196943,151,hard,large
311710993052,2,4,1320,196943,151,hard,large
860953185272,3,8,1320,196943,151,hard,large
27718122506,3,7,1320,196943,151,hard,large
399240936947,2,13,1320,196943,151,hard,large
345971295844,2,3,3622,47512,151,hard,medium
110606214242,3,4,3622,47512,151,hard,medium
900822826659,5,11,3622,47512,151,hard,medium
406813367119,4,4,3622,47512,151,hard,medium
237833746854,3,3,3622,47512,151,hard,medium
385286944022,4,11,4556,1354862,101,hard,huge
778390442910,2,2,4556,1354862,101,hard,huge
715638510977,2,8,4556,1354862,101,hard,huge
784967056668,2,3,4556,1354862,101,hard,huge
420939304922,3,8,4556,1354862,101,hard,huge
157961687120,2,3,4556,1354862,101,hard,huge
771840893862,4,7,4556,1354862,101,hard,huge
160726467280,4,6,4556,1354862,101,hard,huge
74198421728,5,11,4556,1354862,101,hard,huge
444368112973,2,2,4556,1354862,101,hard,huge
397314445398,3,6,4556,1354862,101,hard,huge
606461807621,2,3,4556,1354862,101,hard,huge
588781189110,2,4,4556,1354862,101,hard,huge
197009485458,3,6,4556,1354862,101,hard,huge
137067530791,3,11,4556,1354862,101,hard,huge
129978033325,2,12,4556,1354862,101,hard,huge
909966931892,3,10,4556,1354862,101,hard,huge
20517112572,5,7,194,37376,11,hard,medium
366820183251,2,3,194,37376,11,hard,medium
385049757364,2,2,194,37376,11,hard,medium
496345544359,2,2,453,5215,9,hard,small
929248875870,2,3,4958,170970,301,hard,large
840047219771,2,6,4958,170970,301,hard,large
996971626812,2,2,4958,170970,301,hard,large
768065802162,2,2,4958,170970,301,hard,large
372131223738,3,16,4958,170970,301,hard,large
639786970653,2,19,4958,170970,301,hard,large
431914205617,2,3,4958,170970,301,hard,large
298925720367,2,2,997,19683,62,hard,medium
635627844153,2,2,997,19683,62,hard,medium
885802345950,5,5,997,19683,62,hard,medium
813663433969,3,10,997,19683,62,hard,medium
635028748796,5,29,5210,264430,96,hard,large
660647692663,3,10,5210,264430,96,hard,large
453669746739,2,3,5210,264430,96,hard,large
668187160753,2,2,1907,37022,63,hard,medium
98736175313,2,5,2936,79912,42,hard,medium
715387869971,2,7,2936,79912,42,hard,medium
280725884319,2,11,1905,38009,45,hard,medium
330783889747,2,2,3092,133437,207,hard,large
922397695653,2,6,1464,90019,52,hard,medium
668731278818,5,7,1464,90019,52,hard,medium
775788536799,5,5,1895,13203,45,hard,medium
210792438769,5,7,5059,30497,82,hard,medium
683186904631,2,2,3813,180351,314,hard,large
991757641842,2,8,3813,180351,314,hard,large
627553864039,2,2,3813,180351,314,hard,large
433983517740,2,3,583,101433,24,hard,large
924088283913,3,7,3143,71362,269,hard,medium
548700815296,2,2,3143,71362,269,hard,medium
356051223029,3,4,3143,71362,269,hard,medium
584896044178,2,3,3143,71362,269,hard,medium
280907351029,6,20,3143,71362,269,hard,medium
906201041258,3,3,3143,71362,269,hard,medium
609571880024,2,2,3143,71362,269,hard,medium
336659335134,2,3,3143,71362,269,hard,medium
972312520673,6,11,7734,53618,93,hard,medium
927458893622,4,7,7734,53618,93,hard,medium
249060269671,4,9,7734,53618,93,hard,medium
778053183789,7,14,7734,53618,93,hard,medium
365880002531,5,8,7734,53618,93,hard,medium
809478793683,2,8,7734,53618,93,hard,medium
817374787100,3,4,7734,53618,93,hard,medium
331185676281,5,12,7734,53618,93,hard,medium
275298006615,4,9,7734,53618,93,hard,medium
875146196630,6,16,7734,53618,93,hard,medium
579233834964,2,3,2193,25997,137,hard,medium
201560645109,3,3,3000,42629,89,hard,medium
407456856588,4,21,3000,42629,89,hard,medium
393438257861,3,6,3000,42629,89,hard,medium
344627870147,3,7,3000,42629,89,hard,medium
815901543508,2,2,1765,59824,205,hard,medium
910711687960,2,6,7847,130612,425,hard,large
273617180463,2,2,7847,130612,425,hard,large
678168735747,2,2,7847,130612,425,hard,large
873109578130,2,4,2115,42575,92,hard,medium
985925381859,2,2,3125,59685,54,hard,medium
303629930007,5,10,3125,59685,54,hard,medium
897965791838,3,8,1672,34773,99,hard,medium
532004246108,2,4,2555,68622,414,hard,medium
750226312982,2,3,2555,68622,414,hard,medium
911925353872,4,9,2555,68622,414,hard,medium
9224866182,2,3,2555,68622,414,hard,medium
313524151518,2,3,2555,68622,414,hard,medium
839183890422,2,4,1328,38887,134,hard,medium
840974593127,10,10,719,4935,187,hard,small
908716420042,4,5,2047,227606,180,hard,large
23070523726,2,4,2047,227606,180,hard,large
479753691270,2,2,2047,227606,180,hard,large
802557447574,5,19,2047,227606,180,hard,large
922682733904,4,5,2047,227606,180,hard,large
426971991110,3,7,2047,227606,180,hard,large
297554581599,2,4,2047,227606,180,hard,large
771909458032,2,4,2047,227606,180,hard,large
149556932840,2,4,522,8387,17,hard,small
881063182437,2,5,522,8387,17,hard,small
161422295167,2,2,946,26846,5,hard,medium
692519996548,10,17,1322,67245,45,hard,medium
806238159980,2,2,1322,67245,45,hard,medium
787713977720,4,8,1322,67245,45,hard,medium
299252890507,2,2,1322,67245,45,hard,medium
614499995502,3,8,1322,67245,45,hard,medium
950747662671,4,4,1322,67245,45,hard,medium
823595002863,2,2,1322,67245,45,hard,medium
789952760466,2,10,1322,67245,45,hard,medium
178354188774,2,2,782,87512,9,hard,medium
939204889425,2,5,140,1064,18,hard,small
965886552609,3,3,912,13648,18,hard,medium
579226572268,3,7,912,13648,18,hard,medium
435413083392,2,2,12162,372987,65,hard,large
934884960724,2,2,12162,372987,65,hard,large
602120351624,2,2,164,1036,15,hard,small
264578774446,2,4,2288,407946,26,hard,large
746060196778,2,2,631,411187,29,hard,large
973575812457,2,4,631,411187,29,hard,large
235152914108,5,14,631,411187,29,hard,large
998969143852,2,4,631,411187,29,hard,large
642518408970,2,2,631,411187,29,hard,large
639645733457,3,5,631,411187,29,hard,large
695599908844,2,2,1579,208675,249,hard,large
643530119233,2,2,1579,208675,249,hard,large
211827392170,2,2,1579,208675,249,hard,large
61123449016,2,2,1579,208675,249,hard,large
45302251787,4,6,1579,208675,249,hard,large
506396780306,2,2,1579,208675,249,hard,large
865824106633,4,14,1579,208675,249,hard,large
457742052412,2,8,1579,208675,249,hard,large
312813664286,6,8,1579,208675,249,hard,large
912590592317,3,19,1579,208675,249,hard,large
106151546310,3,12,1579,208675,249,hard,large
257344572820,3,4,1579,208675,249,hard,large
814535193047,2,2,1579,208675,249,hard,large
758171840124,2,2,824,35470,100,hard,medium
366654765884,6,6,824,35470,100,hard,medium
967714143883,2,2,586,24799,77,hard,medium
211841636747,2,2,1548,129913,57,hard,large
740446680568,4,6,1548,129913,57,hard,large
61514164703,2,8,1548,129913,57,hard,large
109035770164,2,3,1548,129913,57,hard,large
962289186455,3,4,2267,1811031,97,hard,huge
944771778696,2,2,2267,1811031,97,hard,huge
748386631239,2,2,2267,1811031,97,hard,huge
569274523594,2,5,2267,1811031,97,hard,huge
250097269813,4,14,2267,1811031,97,hard,huge
700546617583,2,5,2267,1811031,97,hard,huge
624665049832,2,2,2267,1811031,97,hard,huge
847043433231,3,7,964,21821,97,hard,medium
928799450478,2,3,2189,120917,25,hard,large
981856617340,2,2,393,32202,48,hard,medium
961882159199,3,4,393,32202,48,hard,medium
595252553967,3,4,393,32202,48,hard,medium
818605577439,13,39,393,32202,48,hard,medium
708501539651,2,3,1713,70617,167,hard,medium
593309354589,5,7,1713,70617,167,hard,medium
958670475085,2,2,1713,70617,167,hard,medium
314867664798,2,2,1713,70617,167,hard,medium
921793382844,3,10,1713,70617,167,hard,medium
15620914083,2,4,1713,70617,167,hard,medium
440358227523,5,13,1713,70617,167,hard,medium
852876055103,2,5,1713,70617,167,hard,medium
285547976270,2,2,1713,70617,167,hard,medium
52916896984,5,6,1713,70617,167,hard,medium
230856409600,2,2,1713,70617,167,hard,medium
408404509132,2,3,1713,70617,167,hard,medium
944644445469,4,4,1713,70617,167,hard,medium
56568483037,3,4,1713,70617,167,hard,medium
173606473301,2,2,1713,70617,167,hard,medium
675921593113,3,8,1713,70617,167,hard,medium
238600390342,6,10,1713,70617,167,hard,medium
866555028051,2,2,1713,70617,167,hard,medium
619477609718,2,2,1713,70617,167,hard,medium
722274889380,6,46,1713,70617,167,hard,medium
158581869113,4,11,1713,70617,167,hard,medium
532071276310,2,2,1713,70617,167,hard,medium
226595983323,4,4,1713,70617,167,hard,medium
832864337885,5,16,1713,70617,167,hard,medium
155555276488,5,11,1713,70617,167,hard,medium
434721285457,5,8,1713,70617,167,hard,medium
685746166380,5,31,1713,70617,167,hard,medium
487745008256,2,2,1713,70617,167,hard,medium
910606584923,4,8,1713,70617,167,hard,medium
774757027906,3,5,1713,70617,167,hard,medium
849984213250,2,5,1713,70617,167,hard,medium
864311817951,2,2,1713,70617,167,hard,medium
695966602227,5,20,1713,70617,167,hard,medium
598639147742,2,7,1713,70617,167,hard,medium
569909098866,13,19,1713,70617,167,hard,medium
936511886051,3,3,308,27071,34,hard,medium
581971532076,4,6,4099,34955,319,hard,medium
881115112368,5,9,4099,34955,319,hard,medium
594353169005,6,14,4099,34955,319,hard,medium
565480322436,4,4,4099,34955,319,hard,medium
923023936419,2,2,4099,34955,319,hard,medium
750908101200,4,10,4099,34955,319,hard,medium
382102647676,3,23,4099,34955,319,hard,medium
520733498933,2,5,4099,34955,319,hard,medium
562290226908,5,13,4099,34955,319,hard,medium
218154017870,2,4,4099,34955,319,hard,medium
423649162795,6,16,754,28169,57,hard,medium
369786533796,2,4,661,49269,39,hard,medium
892863332047,3,4,372,27522,7,hard,medium
986150056849,2,2,899,10697,24,hard,medium
870389664851,2,2,399,1624877,5,hard,huge
391493215678,2,3,399,1624877,5,hard,huge
673047778423,2,9,1851,56038,30,hard,medium
302917448915,2,2,1851,56038,30,hard,medium
787944817684,2,2,395,120202,47,hard,large
123675274253,2,3,395,120202,47,hard,large
548415881202,2,2,395,120202,47,hard,large
970575745235,2,2,125,9612,13,hard,small
605582850228,2,2,125,9612,13,hard,small
428908197581,2,4,125,9612,13,hard,small
717455631464,8,10,937,138646,187,hard,large
229330283794,2,6,937,138646,187,hard,large
781049066210,4,6,937,138646,187,hard,large
945029853918,2,11,937,138646,187,hard,large
972810819042,2,4,937,138646,187,hard,large
532784401343,2,5,937,138646,187,hard,large
761727045309,2,12,937,138646,187,hard,large
667218407908,2,2,937,138646,187,hard,large
684724335353,2,2,460,22199,11,hard,medium
760126627474,4,12,460,22199,11,hard,medium
492139350012,2,2,460,22199,11,hard,medium
20234665134,2,4,460,22199,11,hard,medium
434333084773,3,9,460,22199,11,hard,medium
511600122325,2,3,130,2163753,17,hard,huge
670624314505,5,11,987,15754,27,hard,medium
214032089347,3,4,987,15754,27,hard,medium
592539767353,3,6,987,15754,27,hard,medium
182290594342,2,3,987,15754,27,hard,medium
569799787608,2,4,987,15754,27,hard,medium
594743291846,2,2,1318,95675,16,hard,medium
696101426724,2,8,1318,95675,16,hard,medium
421411161278,2,3,1318,95675,16,hard,medium
640168303784,2,2,1318,95675,16,hard,medium
313864474780,5,6,1318,95675,16,hard,medium
512355383144,3,4,1318,95675,16,hard,medium
68445643984,3,6,297,34777,10,hard,medium
563318247714,2,2,774,28709,9,hard,medium
516343118978,2,3,339,5284,50,hard,small
181023234540,3,7,1211,22312,26,hard,medium
120366476660,2,5,496,9840,12,hard,small
783218966002,2,3,1141,96721,18,hard,medium
368474843365,3,5,621,5787,16,hard,small
338917207376,14,74,564,26128,108,hard,medium
337343459930,1,5,328,14827,45,medium,medium
775560303988,1,4,1911,66243,252,medium,medium
12015123393,1,2,2594,288353,76,medium,large
977389554850,1,2,1151,24219,144,medium,medium
952078052725,1,2,4122,272515,295,medium,large
991833018332,1,2,14027,495712,350,medium,large
352978097070,1,2,1056,11772,35,medium,medium
523448359969,1,2,2583,95351,63,medium,medium
421914048507,1,2,2583,95351,63,medium,medium
387736701452,1,2,1770,16308,77,medium,medium
529366412006,1,4,804,53102,86,medium,medium
115057678072,1,2,3349,39969,69,medium,medium
974323075492,1,7,1524,23352,189,medium,medium
105354636072,1,2,19796,1241373,436,medium,huge
256140788746,1,5,19796,1241373,436,medium,huge
245264511134,1,2,19796,1241373,436,medium,huge
868169215507,1,2,19796,1241373,436,medium,huge
91398837169,1,3,19796,1241373,436,medium,huge
375881944937,1,3,19796,1241373,436,medium,huge
461476469746,1,2,1048,42787,61,medium,medium
439891536227,1,4,13258,953154,401,medium,large
358232998037,1,2,13258,953154,401,medium,large
406270082916,1,2,6702,301264,77,medium,large
537970847603,1,4,6702,301264,77,medium,large
104706623137,1,5,7136,245677,302,medium,large
861895804016,1,2,4417,289219,288,medium,large
531931975772,1,2,2397,30780,114,medium,medium
256935289958,1,2,5716,491328,197,medium,large
763324002956,1,2,5716,491328,197,medium,large
747554881968,1,2,5716,491328,197,medium,large
435447084255,1,6,5716,491328,197,medium,large
923720796086,1,3,5716,491328,197,medium,large
894953225979,1,3,5716,491328,197,medium,large
504114243446,1,2,5716,491328,197,medium,large
202601267515,1,2,5716,491328,197,medium,large
157758024044,1,2,5716,491328,197,medium,large
456102886088,1,3,5716,491328,197,medium,large
735505390668,1,2,5716,491328,197,medium,large
308257511116,1,11,5716,491328,197,medium,large
287055261251,1,9,5716,491328,197,medium,large
686621871815,1,2,5716,491328,197,medium,large
72077020924,1,2,5716,491328,197,medium,large
902212975621,1,5,10545,184095,163,medium,large
67875628440,1,4,2667,200907,361,medium,large
59244557910,1,2,11787,254222,277,medium,large
553853886976,1,4,11000,325846,299,medium,large
426139487356,1,3,2324,131201,105,medium,large
540858922209,1,2,3329,56803,52,medium,medium
758024463737,1,3,3844,238734,187,medium,large
966445224944,1,5,3844,238734,187,medium,large
860194701879,1,3,3844,238734,187,medium,large
181756214525,1,2,2699,62511,124,medium,medium
970725142133,1,2,1424,158243,140,medium,large
594875293547,1,7,235,63364,24,medium,medium
561130858341,1,5,235,63364,24,medium,medium
33827669550,1,3,235,63364,24,medium,medium
334522083487,1,6,235,63364,24,medium,medium
467335775050,1,2,2902,344176,154,medium,large
661464208552,1,2,2902,344176,154,medium,large
576441890375,1,2,572,65696,42,medium,medium
80135965120,1,3,763,100197,27,medium,large
537078656408,1,2,3156,302421,180,medium,large
443461210556,1,2,3156,302421,180,medium,large
25764051800,1,7,11808,167861,8,medium,large
566204070329,1,2,11808,167861,8,medium,large
690189590554,1,7,3202,214622,142,medium,large
921353513292,1,2,3202,214622,142,medium,large
414324359168,1,2,3202,214622,142,medium,large
783844654434,1,2,3202,214622,142,medium,large
974613900201,1,5,3202,214622,142,medium,large
546884668366,1,4,677,75933,16,medium,medium
106986943940,1,6,2226,37352,14,medium,medium
383851257846,1,4,2226,37352,14,medium,medium
268999482638,1,3,2226,37352,14,medium,medium
846833881465,1,6,2226,37352,14,medium,medium
675694727286,1,2,2226,37352,14,medium,medium
920293408080,1,4,2226,37352,14,medium,medium
903520681515,1,2,2226,37352,14,medium,medium
554737929809,1,3,7520,157403,72,medium,large
982731996773,1,2,1494,17605,68,medium,medium
574618493990,1,2,1494,17605,68,medium,medium
989915503011,1,4,1494,17605,68,medium,medium
121217912607,1,4,1494,17605,68,medium,medium
421221587258,1,3,1494,17605,68,medium,medium
915010382084,1,2,1494,17605,68,medium,medium
237229484642,1,3,3785,278893,116,medium,large
528581443256,1,2,4156,299662,449,medium,large
659600982289,1,4,4156,299662,449,medium,large
158845296408,1,2,4156,299662,449,medium,large
129139494044,1,2,642,65713,35,medium,medium
103436751760,1,3,2671,62557,173,medium,medium
147998253852,1,7,890,40112,242,medium,medium
839091243336,1,3,1728,22574,152,medium,medium
128217118808,1,2,914,63882,35,medium,medium
102279904217,1,3,914,63882,35,medium,medium
831842541379,1,3,914,63882,35,medium,medium
773109441061,1,3,914,63882,35,medium,medium
846490432248,1,2,914,63882,35,medium,medium
825692106637,1,4,914,63882,35,medium,medium
527444178787,1,2,914,63882,35,medium,medium
845328450190,1,2,914,63882,35,medium,medium
797133169666,1,2,914,63882,35,medium,medium
286220472042,1,4,1142,102612,126,medium,large
127866675948,1,17,4044,166344,35,medium,large
809992357823,1,2,1464,33640,92,medium,medium
327030053913,1,2,1464,33640,92,medium,medium
636880880015,1,3,1464,33640,92,medium,medium
233328847582,1,3,1464,33640,92,medium,medium
478013457462,1,6,1464,33640,92,medium,medium
335757919983,1,2,1464,33640,92,medium,medium
160166433373,1,2,1464,33640,92,medium,medium
70855665513,1,2,1464,33640,92,medium,medium
85994398524,1,5,1464,33640,92,medium,medium
329981057133,1,3,458,77228,18,medium,medium
723878921736,1,2,458,77228,18,medium,medium
865620130171,1,2,9222,9410,105,medium,small
786473783191,1,2,5794,87948,174,medium,medium
494106425711,1,3,741,70350,25,medium,medium
903850840581,1,2,1481,29513,62,medium,medium
391395078292,1,4,1624,122622,33,medium,large
752002259965,1,3,1624,122622,33,medium,large
555866941928,1,3,1624,122622,33,medium,large
867086040809,1,4,1624,122622,33,medium,large
886148808050,1,3,184,3279,10,medium,small
451145360627,1,2,184,3279,10,medium,small
802604061177,1,10,827,64735,34,medium,medium
533767129588,1,4,827,64735,34,medium,medium
1506393014,1,60,827,64735,34,medium,medium
305882271106,1,2,827,64735,34,medium,medium
178130133772,1,4,827,64735,34,medium,medium
153728985754,1,16,827,64735,34,medium,medium
572378182939,1,3,827,64735,34,medium,medium
632809182375,1,2,827,64735,34,medium,medium
974144629985,1,2,827,64735,34,medium,medium
50847885721,1,2,827,64735,34,medium,medium
493946003548,1,4,7902,478095,461,medium,large
715487243634,1,2,2071,53878,162,medium,medium
682745660010,1,2,2071,53878,162,medium,medium
449106945714,1,3,2071,53878,162,medium,medium
689000219681,1,3,2071,53878,162,medium,medium
281665466056,1,3,1495,25934,133,medium,medium
43732508883,1,2,1495,25934,133,medium,medium
611802588102,1,2,1626,81786,35,medium,medium
895148265823,1,2,495,18891,47,medium,medium
18212518336,1,2,1265,42058,26,medium,medium
780836304186,1,3,1265,42058,26,medium,medium
492143690495,1,2,1348,321692,99,medium,large
663200741348,1,2,2426,441494,63,medium,large
925594200960,1,2,167,1826,15,medium,small
983061429608,1,2,1286,64885,43,medium,medium
437689644084,1,3,1286,64885,43,medium,medium
682118651221,1,2,242,10032,6,medium,medium
557911204763,1,4,99,15489,11,medium,medium
558176060977,1,2,1585,66187,20,medium,medium
584403226328,1,2,605,81375,26,medium,medium
8911998967,1,2,486,19298,28,medium,medium
719279406899,1,2,486,19298,28,medium,medium
471473055317,1,4,486,19298,28,medium,medium
257570065970,1,2,486,19298,28,medium,medium
578416568878,1,2,486,19298,28,medium,medium
670800052432,1,2,486,19298,28,medium,medium
636414164571,1,2,486,19298,28,medium,medium
743229358793,1,2,486,19298,28,medium,medium
789753888745,1,7,912,44075,106,medium,medium
658821194607,1,2,912,44075,106,medium,medium
140532355399,1,2,912,44075,106,medium,medium
343522719498,1,2,912,44075,106,medium,medium
238799791693,1,2,912,44075,106,medium,medium
834997148406,1,2,1259,726524,21,medium,large
802843381626,1,3,1259,726524,21,medium,large
583838876193,1,3,700,10741,39,medium,medium
385600209684,1,4,2491,30692,66,medium,medium
133011245168,1,2,2491,30692,66,medium,medium
34764634804,1,2,2491,30692,66,medium,medium
396805765791,1,2,2491,30692,66,medium,medium
905039871537,1,2,2491,30692,66,medium,medium
501835241033,1,4,2491,30692,66,medium,medium
676470357278,1,2,2491,30692,66,medium,medium
798158155287,1,3,2491,30692,66,medium,medium
522144358828,1,2,2491,30692,66,medium,medium
533924227588,1,4,2491,30692,66,medium,medium
443250678538,1,2,2531,81053,63,medium,medium
814317169032,1,3,1332,81975,22,medium,medium
471533701156,1,11,1332,81975,22,medium,medium
90325883782,1,11,1332,81975,22,medium,medium
471979962580,1,6,1095,40434,26,medium,medium
873013605380,1,3,861,44329,21,medium,medium
759808448991,1,2,716,50244,25,medium,medium
687483646375,1,11,1058,38743,20,medium,medium
866672974975,1,2,971,138509,41,medium,large
995292232473,1,2,436,59631,24,medium,medium
300083845151,1,2,436,59631,24,medium,medium
293169592193,1,2,1404,30772,111,medium,medium
606523230877,1,2,1404,30772,111,medium,medium
205863676744,1,2,198,5806,41,medium,small
329674785520,1,2,198,5806,41,medium,small
257165184357,1,2,198,5806,41,medium,small
414737300826,1,2,1101,61456,41,medium,medium
772993726665,1,4,1101,61456,41,medium,medium
356744499920,1,3,746,1109601,9,medium,huge
147440192254,1,8,1377,27638,11,medium,medium
808812997580,1,2,1377,27638,11,medium,medium
660283245951,1,2,1377,27638,11,medium,medium
516437819195,1,4,1377,27638,11,medium,medium
929488837938,1,2,405,55194,37,medium,medium
380378091414,1,2,184,9520,14,medium,small
740114595044,1,2,184,9520,14,medium,small
813201177303,1,3,184,9520,14,medium,small
645631419829,1,2,184,9520,14,medium,small
193733771823,1,5,184,9520,14,medium,small
155788502679,1,2,289,9005,15,medium,small
290925640723,1,2,289,9005,15,medium,small
130593091500,1,2,185,818946,33,medium,large
613255817197,1,2,1692,96320,34,medium,medium
215713840268,1,5,1157,14304,59,medium,medium
880669871854,1,4,1157,14304,59,medium,medium
479641026771,1,4,2032,314830,36,medium,large
970886661544,1,2,18582,2500524,383,medium,huge
329884377071,1,4,18582,2500524,383,medium,huge
468777844027,1,2,18582,2500524,383,medium,huge
506791745103,1,2,2192,32284,129,medium,medium
813839624694,1,3,548,3257,30,medium,small
221307964536,1,3,1102,117952,136,medium,large
519174777549,1,2,3890,94087,159,medium,medium
820812798675,1,3,3890,94087,159,medium,medium
501686400498,1,3,3622,47512,151,medium,medium
359675626208,1,2,3622,47512,151,medium,medium
717165363979,1,3,3622,47512,151,medium,medium
294497416859,1,3,4556,1354862,101,medium,huge
130376795108,1,3,4556,1354862,101,medium,huge
972012203252,1,2,4556,1354862,101,medium,huge
964221819998,1,2,4556,1354862,101,medium,huge
537433731205,1,2,4556,1354862,101,medium,huge
573494541385,1,2,4556,1354862,101,medium,huge
771624736385,1,2,194,37376,11,medium,medium
181338080357,1,5,4285,69643,73,medium,medium
974376897942,1,3,119,2947,21,medium,small
116012349852,1,2,1353,52196,108,medium,medium
459620958343,1,2,676,13875,82,medium,medium
521682576584,1,2,4958,170970,301,medium,large
267252009234,1,6,4958,170970,301,medium,large
900920123775,1,3,4958,170970,301,medium,large
264518202293,1,2,997,19683,62,medium,medium
229663657615,1,2,997,19683,62,medium,medium
164791755641,1,2,997,19683,62,medium,medium
582735357946,1,3,997,19683,62,medium,medium
927112591243,1,2,997,19683,62,medium,medium
757497039796,1,6,997,19683,62,medium,medium
626798891772,1,2,997,19683,62,medium,medium
195372697200,1,2,2936,79912,42,medium,medium
76308015488,1,2,2936,79912,42,medium,medium
396434079028,1,2,252,2597,16,medium,small
435630476192,1,3,775,5987,55,medium,small
156461963067,1,2,5566,97211,198,medium,medium
165333129549,1,2,16478,78872,389,medium,medium
803581039998,1,2,3092,133437,207,medium,large
587240115231,1,2,3092,133437,207,medium,large
299612273952,1,2,3092,133437,207,medium,large
630830314887,1,11,1464,90019,52,medium,medium
585789884320,1,3,1464,90019,52,medium,medium
378397111830,1,2,1503,39290,11,medium,medium
640784729255,1,8,1503,39290,11,medium,medium
164353380250,1,2,2049,21002,166,medium,medium
129797159042,1,2,3813,180351,314,medium,large
644103125045,1,3,3813,180351,314,medium,large
990102397228,1,8,9379,191321,73,medium,large
564921369205,1,2,1335,19348,146,medium,medium
409327940943,1,2,21030,308816,411,medium,large
646376264073,1,2,21030,308816,411,medium,large
110210585948,1,2,5628,142108,347,medium,large
153867800458,1,5,3143,71362,269,medium,medium
502518642995,1,2,7734,53618,93,medium,medium
122543218019,1,2,7734,53618,93,medium,medium
580944245745,1,2,7734,53618,93,medium,medium
48090509757,1,2,7734,53618,93,medium,medium
455207012524,1,2,2193,25997,137,medium,medium
868878382222,1,3,3000,42629,89,medium,medium
875339766147,1,3,3000,42629,89,medium,medium
67087180257,1,2,3000,42629,89,medium,medium
514967041401,1,2,1145,55241,57,medium,medium
326847022784,1,2,6222,466411,422,medium,large
36389547520,1,4,7847,130612,425,medium,large
267401744398,1,2,1517,14083,164,medium,medium
593078780227,1,3,3125,59685,54,medium,medium
451363994106,1,2,1672,34773,99,medium,medium
590958933601,1,3,2555,68622,414,medium,medium
412724157873,1,2,1328,38887,134,medium,medium
573605472863,1,2,802,154722,17,medium,large
425112617217,1,2,2130,51927,47,medium,medium
206266701606,1,2,2130,51927,47,medium,medium
112872124646,1,4,957,21610,34,medium,medium
660395904561,1,2,1407,64044,101,medium,medium
663834391158,1,2,1648,6333,101,medium,small
840617046237,1,3,2047,227606,180,medium,large
98243935575,1,2,1322,67245,45,medium,medium
905677791827,1,2,1322,67245,45,medium,medium
741120205199,1,5,1322,67245,45,medium,medium
341726549317,1,5,1322,67245,45,medium,medium
435469776113,1,7,1037,39797,168,medium,medium
115110753634,1,2,3048,121073,25,medium,large
314720251225,1,2,631,411187,29,medium,large
746106492868,1,2,478,30088,31,medium,medium
84455616205,1,3,1579,208675,249,medium,large
465076645771,1,3,1579,208675,249,medium,large
998089132902,1,3,1579,208675,249,medium,large
789186883652,1,3,1579,208675,249,medium,large
930681306946,1,2,1579,208675,249,medium,large
222274857933,1,3,1579,208675,249,medium,large
18799775579,1,2,1579,208675,249,medium,large
350680200692,1,3,233,5284,28,medium,small
317480872245,1,4,1548,129913,57,medium,large
255106664924,1,2,1548,129913,57,medium,large
928851736421,1,2,1548,129913,57,medium,large
16441547268,1,4,1548,129913,57,medium,large
741193387880,1,2,1548,129913,57,medium,large
685822732477,1,2,744,16058,19,medium,medium
412676825092,1,2,3174,293382,120,medium,large
831394978257,1,3,2189,120917,25,medium,large
380417879961,1,7,2189,120917,25,medium,large
39607804436,1,4,2189,120917,25,medium,large
883495609179,1,2,2189,120917,25,medium,large
994695454241,1,2,2189,120917,25,medium,large
772159538212,1,2,2189,120917,25,medium,large
629642901831,1,6,2189,120917,25,medium,large
610790815408,1,6,2189,120917,25,medium,large
250844423963,1,2,1378,56981,63,medium,medium
158825235918,1,3,393,32202,48,medium,medium
888355842122,1,2,1713,70617,167,medium,medium
903693072305,1,10,1713,70617,167,medium,medium
532257588242,1,2,1713,70617,167,medium,medium
553615369226,1,2,1713,70617,167,medium,medium
681031903022,1,2,1713,70617,167,medium,medium
272023165598,1,2,1713,70617,167,medium,medium
917659733503,1,2,1713,70617,167,medium,medium
282215737256,1,2,1713,70617,167,medium,medium
210922017947,1,4,1713,70617,167,medium,medium
234323344262,1,5,1713,70617,167,medium,medium
339137733467,1,7,1713,70617,167,medium,medium
262729583646,1,2,1713,70617,167,medium,medium
442137388430,1,2,1713,70617,167,medium,medium
157321321819,1,2,1713,70617,167,medium,medium
104567777563,1,3,1713,70617,167,medium,medium
560535484520,1,3,1713,70617,167,medium,medium
40243567152,1,5,1713,70617,167,medium,medium
797236523761,1,3,1713,70617,167,medium,medium
790238549948,1,2,1713,70617,167,medium,medium
989625609433,1,2,1713,70617,167,medium,medium
348340642168,1,3,1713,70617,167,medium,medium
381697001712,1,2,1713,70617,167,medium,medium
704509286922,1,2,6890,1150257,472,medium,huge
361947815328,1,2,308,27071,34,medium,medium
178060238603,1,2,4099,34955,319,medium,medium
528579271216,1,2,4099,34955,319,medium,medium
187284243675,1,2,4099,34955,319,medium,medium
59974458558,1,2,4099,34955,319,medium,medium
140035184561,1,2,4099,34955,319,medium,medium
246228757844,1,3,4099,34955,319,medium,medium
912666015156,1,5,372,27522,7,medium,medium
850404260623,1,2,899,10697,24,medium,medium
252422476788,1,22,1188,1094519,13,medium,huge
345506334453,1,4,395,120202,47,medium,large
647320345336,1,4,937,138646,187,medium,large
446402490210,1,2,460,22199,11,medium,medium
905597254971,1,3,460,22199,11,medium,medium
870196287841,1,3,460,22199,11,medium,medium
344551373083,1,2,460,22199,11,medium,medium
660050629488,1,2,460,22199,11,medium,medium
485787341428,1,2,460,22199,11,medium,medium
45123200806,1,2,460,22199,11,medium,medium
701652129186,1,5,460,22199,11,medium,medium
346988950883,1,2,729,13701,22,medium,medium
617363168053,1,2,178,10283,29,medium,medium
355907811738,1,3,297,34777,10,medium,medium
176042200285,1,3,339,5284,50,medium,small
314641429474,1,2,182,4559,20,medium,small
873167527116,1,2,496,9840,12,medium,small
87219707129,1,2,220,9518,31,medium,small
171906489213,1,5,136,15398,6,medium,medium
