feature,coef,odds_ratio
difficulty_hard,0.4752397526748381,1.6083997694099108
difficulty_medium,0.20171592663692994,1.2235003948679766
project_size_large,0.3787326076602346,1.460432475072714
project_size_medium,0.1325150675757432,1.1416962185538333
project_size_small,-0.47539025842025723,0.6216424079361978
file_type_Python,-0.7445120301731849,0.4749660124838044
conflict_size,-0.21492714951901584,0.8066001992494648
tokens_context,-0.12893036460648655,0.8790351753747225
tokens_original,-0.0640370404338007,0.9379702560621002
